{"stats":{"minecraft:used":{"minecraft:chest":6,"minecraft:shield":46,"minecraft:iron_sword":221,"minecraft:rotten_flesh":18,"minecraft:iron_chestplate":2,"minecraft:nether_bricks":29,"minecraft:tuff":2,"minecraft:obsidian":11,"minecraft:jungle_sapling":1,"minecraft:lava_bucket":21,"minecraft:iron_helmet":1,"minecraft:red_carpet":16,"minecraft:magma_block":1,"minecraft:bow":138,"minecraft:furnace":6,"minecraft:egg":4,"minecraft:potato":49,"minecraft:diorite":2,"minecraft:oak_planks":91,"minecraft:stone_pickaxe":137,"minecraft:blackstone":1,"minecraft:wooden_pickaxe":42,"minecraft:sandstone":38,"minecraft:sugar_cane":7,"minecraft:diamond_axe":189,"minecraft:golden_apple":3,"minecraft:glow_berries":25,"minecraft:sand":19,"minecraft:melon_slice":12,"minecraft:bread":13,"minecraft:lectern":17,"minecraft:gravel":4,"minecraft:oak_boat":3,"minecraft:bone_meal":87,"minecraft:oak_fence":21,"minecraft:enchanting_table":1,"minecraft:stone_sword":84,"minecraft:flint_and_steel":9,"minecraft:light_gray_carpet":33,"minecraft:cooked_chicken":2,"minecraft:netherrack":42,"minecraft:oak_door":13,"minecraft:torch":51,"minecraft:dirt":34,"minecraft:spyglass":1,"minecraft:anvil":1,"minecraft:granite":3,"minecraft:oak_fence_gate":2,"minecraft:wooden_axe":13,"minecraft:bookshelf":6,"minecraft:iron_axe":240,"minecraft:oak_stairs":5,"minecraft:jungle_log":1,"minecraft:iron_boots":1,"minecraft:bamboo":2,"minecraft:basalt":1,"minecraft:cooked_beef":5,"minecraft:cobbled_deepslate":333,"minecraft:enchanted_golden_apple":1,"minecraft:iron_leggings":2,"minecraft:cooked_mutton":4,"minecraft:water_bucket":55,"minecraft:amethyst_block":2,"minecraft:baked_potato":37,"minecraft:mossy_cobblestone":1,"minecraft:tnt":8,"minecraft:crafting_table":12,"minecraft:white_bed":1,"minecraft:oak_log":7,"minecraft:mud":1,"minecraft:diamond_pickaxe":1328,"minecraft:iron_pickaxe":729,"minecraft:blue_carpet":7,"minecraft:cobblestone":534,"minecraft:cooked_porkchop":5,"minecraft:bucket":76},"minecraft:killed":{"minecraft:cave_spider":6,"minecraft:spider":10,"minecraft:skeleton":16,"minecraft:chicken":1,"minecraft:wolf":1,"minecraft:magma_cube":27,"minecraft:pig":1,"minecraft:zombie_villager":1,"minecraft:creeper":1,"minecraft:sheep":5,"minecraft:trader_llama":4,"minecraft:zombie":36,"minecraft:cow":6,"minecraft:blaze":10,"minecraft:bat":1,"minecraft:frog":1,"minecraft:wandering_trader":2,"minecraft:wither_skeleton":1,"minecraft:enderman":3},"minecraft:mined":{"minecraft:blue_carpet":7,"minecraft:white_bed":1,"minecraft:jungle_leaves":89,"minecraft:obsidian":15,"minecraft:cave_vines_plant":5,"minecraft:granite":31,"minecraft:grass_block":32,"minecraft:jungle_log":42,"minecraft:crimson_fungus":1,"minecraft:oxeye_daisy":5,"minecraft:spawner":4,"minecraft:magma_block":4,"minecraft:iron_ore":89,"minecraft:cobbled_deepslate":20,"minecraft:fire":9,"minecraft:deepslate_lapis_ore":12,"minecraft:azure_bluet":8,"minecraft:cave_vines":2,"minecraft:dirt_path":6,"minecraft:oak_stairs":6,"minecraft:azalea_leaves":11,"minecraft:deepslate_redstone_ore":29,"minecraft:blackstone":1,"minecraft:crimson_nylium":2,"minecraft:amethyst_cluster":1,"minecraft:clay":7,"minecraft:torch":3,"minecraft:poppy":12,"minecraft:melon":1,"minecraft:chest":2,"minecraft:nether_quartz_ore":2,"minecraft:cobblestone":39,"minecraft:sugar_cane":48,"minecraft:oak_planks":47,"minecraft:wall_torch":10,"minecraft:deepslate_copper_ore":2,"minecraft:warped_nylium":2,"minecraft:mud":1,"minecraft:wheat":13,"minecraft:tnt":9,"minecraft:warped_fungus":1,"minecraft:oak_log":86,"minecraft:oak_fence_gate":3,"minecraft:sand":22,"minecraft:dirt":35,"minecraft:netherrack":59,"minecraft:oak_leaves":26,"minecraft:deepslate":333,"minecraft:red_carpet":1,"minecraft:tuff":18,"minecraft:mossy_cobblestone":1,"minecraft:deepslate_diamond_ore":64,"minecraft:oak_door":9,"minecraft:nether_bricks":19,"minecraft:jungle_planks":1,"minecraft:moss_block":6,"minecraft:mangrove_propagule":1,"minecraft:sandstone":38,"minecraft:hay_block":1,"minecraft:furnace":3,"minecraft:carrots":1,"minecraft:jungle_sapling":1,"minecraft:andesite":59,"minecraft:bookshelf":4,"minecraft:potatoes":52,"minecraft:deepslate_iron_ore":17,"minecraft:vine":24,"minecraft:rail":28,"minecraft:warped_stem":2,"minecraft:bamboo":1,"minecraft:stone":1069,"minecraft:light_gray_carpet":7,"minecraft:flowering_azalea":1,"minecraft:glass_pane":2,"minecraft:basalt":3,"minecraft:dandelion":1,"minecraft:oak_fence":22,"minecraft:crafting_table":4,"minecraft:cornflower":9,"minecraft:short_grass":73,"minecraft:warped_roots":1,"minecraft:lectern":17,"minecraft:tall_grass":11,"minecraft:copper_ore":4,"minecraft:lapis_ore":15,"minecraft:deepslate_gold_ore":3,"minecraft:diorite":124,"minecraft:cactus":1,"minecraft:coal_ore":74,"minecraft:gravel":13,"minecraft:cobweb":25},"minecraft:broken":{"minecraft:stone_pickaxe":1,"minecraft:iron_axe":1,"minecraft:iron_pickaxe":2,"minecraft:iron_helmet":1},"minecraft:crafted":{"minecraft:oak_planks":312,"minecraft:cooked_chicken":2,"minecraft:bookshelf":6,"minecraft:cooked_mutton":4,"minecraft:warped_planks":8,"minecraft:diamond_helmet":2,"minecraft:bow":1,"minecraft:diamond_leggings":2,"minecraft:iron_boots":2,"minecraft:chest":4,"minecraft:golden_boots":1,"minecraft:emerald":24,"minecraft:cooked_porkchop":3,"minecraft:diamond_axe":2,"minecraft:crafting_table":8,"minecraft:iron_helmet":1,"minecraft:wooden_pickaxe":1,"minecraft:baked_potato":67,"minecraft:copper_ingot":6,"minecraft:iron_chestplate":2,"minecraft:book":9,"minecraft:paper":78,"minecraft:diamond_pickaxe":1,"minecraft:shield":2,"minecraft:stick":643,"minecraft:iron_ingot":115,"minecraft:iron_pickaxe":4,"minecraft:iron_block":3,"minecraft:stone_sword":1,"minecraft:light_gray_dye":13,"minecraft:light_gray_carpet":26,"minecraft:shears":1,"minecraft:oak_door":6,"minecraft:fishing_rod":2,"minecraft:spyglass":1,"minecraft:furnace":2,"minecraft:light_gray_wool":3,"minecraft:bone_meal":96,"minecraft:iron_axe":1,"minecraft:stone_pickaxe":1,"minecraft:diamond_boots":2,"minecraft:cooked_beef":12,"minecraft:red_dye":12,"minecraft:diamond_sword":1,"minecraft:enchanting_table":1,"minecraft:iron_sword":2,"minecraft:bucket":3,"minecraft:red_carpet":19,"minecraft:enchanted_book":1,"minecraft:air":0,"minecraft:jungle_planks":160,"minecraft:blue_dye":7,"minecraft:oak_boat":1,"minecraft:warped_fungus_on_a_stick":1,"minecraft:wooden_axe":1,"minecraft:iron_leggings":1,"minecraft:anvil":1,"minecraft:torch":12,"minecraft:blue_carpet":9,"minecraft:diamond_chestplate":3},"minecraft:custom":{"minecraft:interact_with_crafting_table":75,"minecraft:leave_game":1,"minecraft:time_since_death":49128,"minecraft:damage_resisted":86,"minecraft:sprint_one_cm":540573,"minecraft:damage_blocked_by_shield":1320,"minecraft:drop":106,"minecraft:talked_to_villager":52,"minecraft:play_time":424776,"minecraft:deaths":6,"minecraft:jump":6522,"minecraft:walk_on_water_one_cm":58334,"minecraft:interact_with_furnace":144,"minecraft:traded_with_villager":25,"minecraft:sleep_in_bed":5,"minecraft:damage_dealt":15321,"minecraft:player_kills":1,"minecraft:crouch_one_cm":130933,"minecraft:horse_one_cm":143865,"minecraft:interact_with_anvil":2,"minecraft:mob_kills":136,"minecraft:climb_one_cm":7562,"minecraft:walk_one_cm":1178440,"minecraft:sneak_time":39117,"minecraft:walk_under_water_one_cm":51374,"minecraft:boat_one_cm":2553,"minecraft:total_world_time":424776,"minecraft:time_since_rest":49158,"minecraft:damage_absorbed":230,"minecraft:damage_taken":6099,"minecraft:swim_one_cm":67383,"minecraft:fly_one_cm":1013449,"minecraft:open_chest":135,"minecraft:fall_one_cm":186661},"minecraft:killed_by":{"minecraft:ghast":1,"minecraft:creeper":2},"minecraft:picked_up":{"minecraft:iron_chestplate":2,"minecraft:lead":22,"minecraft:oak_stairs":6,"minecraft:enchanted_book":2,"minecraft:amethyst_block":2,"minecraft:string":80,"minecraft:raw_copper":22,"minecraft:iron_leggings":2,"minecraft:activator_rail":4,"minecraft:gold_nugget":8,"minecraft:cobbled_deepslate":423,"minecraft:azalea":3,"minecraft:iron_pickaxe":2,"minecraft:enchanted_golden_apple":2,"minecraft:melon_slice":15,"minecraft:furnace":5,"minecraft:blue_wool":7,"minecraft:stick":44,"minecraft:big_dripleaf":1,"minecraft:oak_fence":25,"minecraft:torch":43,"minecraft:porkchop":3,"minecraft:diorite":108,"minecraft:warped_planks":8,"minecraft:cactus":2,"minecraft:rotten_flesh":37,"minecraft:blue_dye":4,"minecraft:blaze_rod":3,"minecraft:obsidian":15,"minecraft:cobblestone":980,"minecraft:magma_block":3,"minecraft:feather":3,"minecraft:cooked_beef":1,"minecraft:magma_cream":2,"minecraft:andesite":65,"minecraft:warped_fungus_on_a_stick":1,"minecraft:jungle_log":42,"minecraft:potato":143,"minecraft:flint":1,"minecraft:tuff":17,"minecraft:light_gray_dye":4,"minecraft:lapis_lazuli":196,"minecraft:dirt":92,"minecraft:name_tag":1,"minecraft:bone":50,"minecraft:bow":1,"minecraft:wheat_seeds":23,"minecraft:raw_gold":3,"minecraft:bamboo":75,"minecraft:moss_block":20,"minecraft:oak_planks":103,"minecraft:cooked_porkchop":2,"minecraft:poisonous_potato":4,"minecraft:jungle_planks":2,"minecraft:sand":23,"minecraft:mossy_cobblestone":1,"minecraft:diamond":105,"minecraft:granite":31,"minecraft:golden_apple":3,"minecraft:bread":13,"minecraft:emerald":6,"minecraft:light_gray_carpet":7,"minecraft:netherrack":175,"minecraft:mud":1,"minecraft:cocoa_beans":2,"minecraft:crafting_table":5,"minecraft:azure_bluet":8,"minecraft:chicken":2,"minecraft:clay_ball":28,"minecraft:chest_minecart":2,"minecraft:shield":2,"minecraft:cornflower":9,"minecraft:moss_carpet":13,"minecraft:iron_axe":2,"minecraft:flint_and_steel":2,"minecraft:blackstone":1,"minecraft:detector_rail":3,"minecraft:beef":13,"minecraft:oak_boat":3,"minecraft:jungle_sapling":3,"minecraft:poppy":14,"minecraft:light_gray_wool":21,"minecraft:lectern":17,"minecraft:chest":2,"minecraft:sugar_cane":167,"minecraft:egg":4,"minecraft:raw_iron":159,"minecraft:sandstone":38,"minecraft:oak_door":9,"minecraft:carrot":1,"minecraft:redstone":130,"minecraft:blue_carpet":7,"minecraft:tnt":22,"minecraft:arrow":20,"minecraft:nether_bricks":29,"minecraft:shears":1,"minecraft:hay_block":2,"minecraft:saddle":5,"minecraft:gold_ingot":3,"minecraft:glow_berries":25,"minecraft:mutton":4,"minecraft:rail":106,"minecraft:white_wool":1,"minecraft:oxeye_daisy":5,"minecraft:basalt":5,"minecraft:leather":11,"minecraft:crimson_fungus":1,"minecraft:oak_log":85,"minecraft:gunpowder":10,"minecraft:red_carpet":2,"minecraft:apple":2,"minecraft:warped_stem":2,"minecraft:oak_fence_gate":3,"minecraft:iron_ingot":56,"minecraft:stone_pickaxe":1,"minecraft:mangrove_planks":10,"minecraft:iron_sword":4,"minecraft:flowering_azalea":4,"minecraft:book":29,"minecraft:warped_fungus":4,"minecraft:red_wool":9,"minecraft:quartz":2,"minecraft:dandelion":1,"minecraft:gravel":15,"minecraft:amethyst_shard":4,"minecraft:white_bed":1,"minecraft:spider_eye":6,"minecraft:pumpkin_seeds":4,"minecraft:iron_helmet":2,"minecraft:diamond_axe":1,"minecraft:warped_roots":1,"minecraft:baked_potato":36,"minecraft:melon_seeds":3,"minecraft:mangrove_propagule":1,"minecraft:coal":137},"minecraft:dropped":{"minecraft:iron_sword":2,"minecraft:moss_block":9,"minecraft:warped_fungus":3,"minecraft:cooked_beef":2,"minecraft:baked_potato":15,"minecraft:warped_roots":1,"minecraft:chest_minecart":2,"minecraft:jungle_planks":1,"minecraft:saddle":2,"minecraft:rail":144,"minecraft:emerald":5,"minecraft:dirt":1,"minecraft:gold_nugget":8,"minecraft:sand":2,"minecraft:bone":2,"minecraft:oak_door":2,"minecraft:spyglass":1,"minecraft:detector_rail":4,"minecraft:rotten_flesh":13,"minecraft:carrot":1,"minecraft:oak_fence_gate":1,"minecraft:gunpowder":2,"minecraft:melon_seeds":3,"minecraft:azalea":1,"minecraft:basalt":2,"minecraft:netherrack":29,"minecraft:iron_ingot":26,"minecraft:wheat_seeds":18,"minecraft:poisonous_potato":4,"minecraft:feather":3,"minecraft:cobblestone":2,"minecraft:apple":2,"minecraft:activator_rail":8,"minecraft:stick":3,"minecraft:diorite":2,"minecraft:melon_slice":3,"minecraft:iron_leggings":1,"minecraft:flowering_azalea":3,"minecraft:iron_axe":1,"minecraft:cactus":2,"minecraft:redstone":5,"minecraft:moss_carpet":2,"minecraft:stone_sword":1,"minecraft:raw_iron":32,"minecraft:clay_ball":28,"minecraft:iron_boots":1,"minecraft:pumpkin_seeds":4,"minecraft:diamond_sword":1,"minecraft:big_dripleaf":1,"minecraft:potato":20,"minecraft:hay_block":2,"minecraft:shield":1,"minecraft:diamond_chestplate":1,"minecraft:iron_chestplate":2,"minecraft:andesite":17,"minecraft:bamboo":1,"minecraft:diamond_boots":1,"minecraft:stone_pickaxe":1,"minecraft:wooden_pickaxe":1}},"DataVersion":3953}