{"stats":{"minecraft:used":{"minecraft:bone_block":7,"minecraft:chest":25,"minecraft:shield":88,"minecraft:white_terracotta":2,"minecraft:iron_sword":647,"minecraft:rotten_flesh":18,"minecraft:iron_chestplate":2,"minecraft:nether_bricks":29,"minecraft:jungle_planks":12,"minecraft:axolotl_bucket":1,"minecraft:jungle_slab":9,"minecraft:tuff":8,"minecraft:waxed_copper_grate":5,"minecraft:obsidian":21,"minecraft:jungle_sapling":1,"minecraft:waxed_oxidized_copper":1,"minecraft:coal_ore":45,"minecraft:cyan_terracotta":1,"minecraft:waxed_oxidized_copper_grate":4,"minecraft:lava_bucket":32,"minecraft:bricks":11,"minecraft:packed_mud":5,"minecraft:quartz_block":33,"minecraft:iron_helmet":1,"minecraft:deepslate_diamond_ore":5,"minecraft:red_carpet":18,"minecraft:birch_trapdoor":2,"minecraft:magma_block":1,"minecraft:bow":155,"minecraft:furnace":12,"minecraft:egg":66,"minecraft:potato":49,"minecraft:damaged_anvil":1,"minecraft:diorite":3,"minecraft:oak_planks":91,"minecraft:stone_pickaxe":256,"minecraft:blackstone":22,"minecraft:wooden_pickaxe":42,"minecraft:sandstone":38,"minecraft:redstone_block":10,"minecraft:sugar_cane":17,"minecraft:diamond_axe":217,"minecraft:glow_berries":25,"minecraft:golden_apple":3,"minecraft:white_wool":219,"minecraft:sand":19,"minecraft:deepslate_redstone_ore":5,"minecraft:lingering_potion":1,"minecraft:deepslate_lapis_ore":11,"minecraft:shears":1,"minecraft:lever":1,"minecraft:deepslate_iron_ore":6,"minecraft:melon_slice":12,"minecraft:string":3,"minecraft:bread":89,"minecraft:lectern":19,"minecraft:deepslate":5,"minecraft:gravel":4,"minecraft:diamond_sword":204,"minecraft:grindstone":1,"minecraft:oak_fence":22,"minecraft:golden_pickaxe":7,"minecraft:oak_boat":3,"minecraft:waxed_copper_bulb":2,"minecraft:bone_meal":87,"minecraft:oak_trapdoor":2,"minecraft:stone_sword":84,"minecraft:enchanting_table":1,"minecraft:flint_and_steel":9,"minecraft:light_gray_carpet":33,"minecraft:trial_key":3,"minecraft:cooked_chicken":20,"minecraft:netherrack":796,"minecraft:oak_door":13,"minecraft:dirt":127,"minecraft:torch":71,"minecraft:spyglass":1,"minecraft:anvil":1,"minecraft:white_carpet":292,"minecraft:diamond_helmet":1,"minecraft:jungle_trapdoor":13,"minecraft:granite":3,"minecraft:oak_fence_gate":2,"minecraft:wooden_axe":13,"minecraft:chipped_anvil":2,"minecraft:bookshelf":14,"minecraft:iron_axe":240,"minecraft:oak_stairs":5,"minecraft:jungle_log":1,"minecraft:red_candle":7,"minecraft:iron_boots":1,"minecraft:bamboo":2,"minecraft:tripwire_hook":2,"minecraft:light_gray_wool":1,"minecraft:glowstone":29,"minecraft:basalt":107,"minecraft:enchanted_golden_apple":1,"minecraft:minecart":4,"minecraft:stone_pressure_plate":1,"minecraft:cooked_beef":53,"minecraft:cobbled_deepslate":404,"minecraft:iron_leggings":3,"minecraft:water_bucket":109,"minecraft:cooked_mutton":6,"minecraft:iron_ore":34,"minecraft:amethyst_block":2,"minecraft:baked_potato":37,"minecraft:waxed_copper_block":8,"minecraft:mossy_cobblestone":1,"minecraft:rail":192,"minecraft:tnt":8,"minecraft:crafting_table":23,"minecraft:white_bed":1,"minecraft:activator_rail":8,"minecraft:diamond_pickaxe":10218,"minecraft:cake":1,"minecraft:mud":1,"minecraft:oak_log":7,"minecraft:iron_pickaxe":1605,"minecraft:stone_axe":72,"minecraft:blue_carpet":7,"minecraft:cobblestone":602,"minecraft:cooked_porkchop":6,"minecraft:bucket":140,"minecraft:yellow_bed":1,"minecraft:waxed_oxidized_copper_bulb":2},"minecraft:crafted":{"minecraft:grindstone":1,"minecraft:oak_planks":368,"minecraft:cooked_chicken":2,"minecraft:stone":16,"minecraft:lever":1,"minecraft:bookshelf":12,"minecraft:cooked_mutton":6,"minecraft:warped_planks":8,"minecraft:quartz_block":104,"minecraft:diamond_helmet":2,"minecraft:bow":2,"minecraft:diamond_leggings":3,"minecraft:iron_boots":2,"minecraft:stone_pressure_plate":1,"minecraft:chest":22,"minecraft:golden_boots":2,"minecraft:emerald":185,"minecraft:cooked_porkchop":4,"minecraft:diamond_axe":2,"minecraft:crafting_table":15,"minecraft:iron_helmet":1,"minecraft:wooden_pickaxe":1,"minecraft:baked_potato":67,"minecraft:golden_pickaxe":1,"minecraft:copper_ingot":6,"minecraft:iron_chestplate":2,"minecraft:book":29,"minecraft:paper":96,"minecraft:diamond_pickaxe":6,"minecraft:shield":3,"minecraft:stick":679,"minecraft:stone_slab":6,"minecraft:iron_ingot":174,"minecraft:iron_pickaxe":10,"minecraft:iron_block":3,"minecraft:stone_sword":1,"minecraft:gold_ingot":24,"minecraft:light_gray_dye":13,"minecraft:light_gray_carpet":26,"minecraft:shears":1,"minecraft:oak_door":6,"minecraft:fishing_rod":2,"minecraft:tripwire_hook":2,"minecraft:spyglass":1,"minecraft:furnace":5,"minecraft:light_gray_wool":3,"minecraft:jungle_trapdoor":12,"minecraft:bone_meal":307,"minecraft:white_carpet":756,"minecraft:oak_trapdoor":2,"minecraft:iron_axe":1,"minecraft:stone_pickaxe":2,"minecraft:diamond_boots":2,"minecraft:redstone_block":7,"minecraft:dark_oak_planks":128,"minecraft:cooked_beef":55,"minecraft:red_dye":12,"minecraft:diamond_sword":2,"minecraft:enchanting_table":1,"minecraft:iron_sword":3,"minecraft:bucket":11,"minecraft:red_carpet":19,"minecraft:stone_axe":1,"minecraft:glowstone":41,"minecraft:enchanted_book":3,"minecraft:jungle_slab":12,"minecraft:air":0,"minecraft:jungle_planks":212,"minecraft:blue_dye":7,"minecraft:oak_boat":1,"minecraft:white_wool":1038,"minecraft:warped_fungus_on_a_stick":1,"minecraft:wooden_axe":1,"minecraft:iron_leggings":2,"minecraft:anvil":1,"minecraft:white_bed":5,"minecraft:torch":16,"minecraft:blue_carpet":9,"minecraft:diamond_chestplate":3},"minecraft:killed_by":{"minecraft:ghast":1,"minecraft:creeper":2},"minecraft:killed":{"minecraft:cave_spider":15,"minecraft:zombified_piglin":9,"minecraft:spider":16,"minecraft:skeleton":48,"minecraft:chicken":20,"minecraft:magma_cube":35,"minecraft:wolf":1,"minecraft:piglin":1,"minecraft:pig":2,"minecraft:zombie_villager":1,"minecraft:creeper":4,"minecraft:sheep":8,"minecraft:trader_llama":4,"minecraft:zombie":75,"minecraft:stray":12,"minecraft:blaze":12,"minecraft:cow":30,"minecraft:bat":2,"minecraft:frog":1,"minecraft:wandering_trader":2,"minecraft:breeze":2,"minecraft:wither_skeleton":1,"minecraft:enderman":4},"minecraft:broken":{"minecraft:stone_pickaxe":1,"minecraft:diamond_pickaxe":1,"minecraft:iron_sword":1,"minecraft:iron_axe":1,"minecraft:iron_pickaxe":4,"minecraft:iron_helmet":1},"minecraft:custom":{"minecraft:interact_with_crafting_table":149,"minecraft:open_barrel":5,"minecraft:eat_cake_slice":4,"minecraft:leave_game":10,"minecraft:time_since_death":458341,"minecraft:damage_resisted":86,"minecraft:sprint_one_cm":1560452,"minecraft:damage_blocked_by_shield":2697,"minecraft:drop":259,"minecraft:talked_to_villager":132,"minecraft:play_time":950366,"minecraft:deaths":8,"minecraft:jump":16764,"minecraft:interact_with_brewingstand":1,"minecraft:walk_on_water_one_cm":113797,"minecraft:enchant_item":18,"minecraft:interact_with_furnace":190,"minecraft:traded_with_villager":190,"minecraft:sleep_in_bed":12,"minecraft:damage_dealt":41187,"minecraft:player_kills":1,"minecraft:crouch_one_cm":339142,"minecraft:inspect_dispenser":11,"minecraft:horse_one_cm":143865,"minecraft:interact_with_anvil":18,"minecraft:mob_kills":313,"minecraft:climb_one_cm":16136,"minecraft:walk_one_cm":2560956,"minecraft:sneak_time":92229,"minecraft:walk_under_water_one_cm":70517,"minecraft:boat_one_cm":2553,"minecraft:total_world_time":950366,"minecraft:interact_with_grindstone":15,"minecraft:damage_absorbed":230,"minecraft:time_since_rest":120106,"minecraft:damage_taken":14606,"minecraft:swim_one_cm":93098,"minecraft:fly_one_cm":2876283,"minecraft:open_chest":491,"minecraft:fall_one_cm":468859},"minecraft:picked_up":{"minecraft:iron_chestplate":2,"minecraft:redstone_block":12,"minecraft:nether_brick_fence":4,"minecraft:lead":24,"minecraft:diamond_sword":3,"minecraft:oak_stairs":8,"minecraft:enchanted_book":3,"minecraft:amethyst_block":2,"minecraft:deepslate_lapis_ore":11,"minecraft:string":8173,"minecraft:waxed_cut_copper_slab":1,"minecraft:raw_copper":43,"minecraft:iron_leggings":2,"minecraft:red_candle":7,"minecraft:activator_rail":12,"minecraft:diamond_leggings":1,"minecraft:gold_nugget":361,"minecraft:cobbled_deepslate":554,"minecraft:trial_key":4,"minecraft:azalea":3,"minecraft:iron_pickaxe":3,"minecraft:enchanted_golden_apple":2,"minecraft:melon_slice":15,"minecraft:deepslate_iron_ore":6,"minecraft:furnace":9,"minecraft:blue_wool":7,"minecraft:tipped_arrow":13,"minecraft:stick":47,"minecraft:big_dripleaf":1,"minecraft:birch_trapdoor":2,"minecraft:oak_fence":30,"minecraft:torch":83,"minecraft:porkchop":4,"minecraft:waxed_weathered_copper_bulb":1,"minecraft:waxed_copper_grate":13,"minecraft:diorite":124,"minecraft:warped_planks":8,"minecraft:quartz_block":65,"minecraft:cactus":2,"minecraft:honey_bottle":1,"minecraft:rotten_flesh":108,"minecraft:blue_dye":8,"minecraft:cyan_terracotta":1,"minecraft:bookshelf":4,"minecraft:white_terracotta":2,"minecraft:blaze_rod":5,"minecraft:obsidian":25,"minecraft:cobblestone":1231,"minecraft:birch_log":32,"minecraft:magma_block":104,"minecraft:andesite":65,"minecraft:water_bucket":1,"minecraft:feather":9,"minecraft:cooked_beef":20,"minecraft:magma_cream":5,"minecraft:warped_fungus_on_a_stick":1,"minecraft:jungle_log":55,"minecraft:mud_brick_stairs":4,"minecraft:potato":143,"minecraft:flint":7,"minecraft:tuff":27,"minecraft:light_gray_dye":4,"minecraft:lapis_lazuli":586,"minecraft:dirt":203,"minecraft:name_tag":1,"minecraft:twisting_vines":1,"minecraft:bone":97,"minecraft:chipped_anvil":3,"minecraft:bow":9,"minecraft:wheat_seeds":29,"minecraft:raw_gold":14,"minecraft:diamond_helmet":2,"minecraft:bamboo":75,"minecraft:glowstone_dust":170,"minecraft:moss_block":21,"minecraft:oak_planks":105,"minecraft:ghast_tear":3,"minecraft:cooked_porkchop":2,"minecraft:waxed_oxidized_copper_bulb":2,"minecraft:poisonous_potato":4,"minecraft:sand":25,"minecraft:jungle_planks":222,"minecraft:jungle_slab":6,"minecraft:dark_oak_log":32,"minecraft:mossy_cobblestone":1,"minecraft:deepslate":5,"minecraft:blue_terracotta":8,"minecraft:diamond":160,"minecraft:waxed_oxidized_copper_grate":4,"minecraft:breeze_rod":3,"minecraft:granite":55,"minecraft:bone_meal":9,"minecraft:golden_apple":4,"minecraft:emerald":33,"minecraft:bread":146,"minecraft:light_gray_carpet":36,"minecraft:netherrack":5454,"minecraft:bricks":11,"minecraft:diamond_pickaxe":9,"minecraft:cocoa_beans":2,"minecraft:mud":1,"minecraft:mud_brick_slab":1,"minecraft:crafting_table":10,"minecraft:azure_bluet":8,"minecraft:chicken":9,"minecraft:nether_wart":2,"minecraft:clay_ball":28,"minecraft:chest_minecart":2,"minecraft:golden_pickaxe":1,"minecraft:shield":2,"minecraft:brick":71,"minecraft:wind_charge":2,"minecraft:cornflower":12,"minecraft:jungle_trapdoor":1,"minecraft:moss_carpet":13,"minecraft:iron_axe":2,"minecraft:flint_and_steel":3,"minecraft:white_carpet":50,"minecraft:blackstone":50,"minecraft:detector_rail":3,"minecraft:deepslate_diamond_ore":5,"minecraft:beef":66,"minecraft:oak_boat":3,"minecraft:chiseled_tuff":2,"minecraft:jungle_sapling":3,"minecraft:poppy":14,"minecraft:light_gray_wool":32,"minecraft:lectern":19,"minecraft:minecart":5,"minecraft:sugar_cane":271,"minecraft:chest":3,"minecraft:birch_sapling":3,"minecraft:waxed_oxidized_copper":2,"minecraft:egg":84,"minecraft:raw_iron":316,"minecraft:sandstone":38,"minecraft:stone":3,"minecraft:oak_door":9,"minecraft:copper_ingot":4,"minecraft:flow_pottery_sherd":1,"minecraft:carrot":1,"minecraft:redstone":447,"minecraft:blue_carpet":7,"minecraft:dark_oak_planks":4,"minecraft:tnt":22,"minecraft:arrow":89,"minecraft:diamond_chestplate":2,"minecraft:beetroot_seeds":2,"minecraft:nether_bricks":30,"minecraft:shears":4,"minecraft:diamond_boots":2,"minecraft:hay_block":2,"minecraft:yellow_terracotta":4,"minecraft:saddle":5,"minecraft:gold_ingot":11,"minecraft:tuff_bricks":49,"minecraft:glow_berries":25,"minecraft:mutton":12,"minecraft:white_wool":341,"minecraft:bone_block":54,"minecraft:rail":398,"minecraft:oxeye_daisy":5,"minecraft:mud_bricks":31,"minecraft:basalt":174,"minecraft:leather":38,"minecraft:red_glazed_terracotta":1,"minecraft:birch_planks":1,"minecraft:packed_mud":5,"minecraft:waxed_copper_bulb":7,"minecraft:crimson_fungus":2,"minecraft:oak_log":99,"minecraft:waxed_copper_block":10,"minecraft:lily_pad":20,"minecraft:ancient_debris":6,"minecraft:yellow_bed":2,"minecraft:gunpowder":19,"minecraft:paper":33,"minecraft:red_carpet":6,"minecraft:apple":2,"minecraft:warped_stem":2,"minecraft:stone_pickaxe":2,"minecraft:iron_ingot":130,"minecraft:oak_fence_gate":3,"minecraft:polished_tuff_slab":1,"minecraft:cooked_chicken":48,"minecraft:iron_ore":34,"minecraft:glass_bottle":2,"minecraft:mangrove_planks":10,"minecraft:iron_sword":8,"minecraft:flowering_azalea":4,"minecraft:book":36,"minecraft:smooth_basalt":1,"minecraft:warped_fungus":4,"minecraft:dandelion":1,"minecraft:quartz":499,"minecraft:stone_brick_slab":3,"minecraft:red_wool":9,"minecraft:waxed_exposed_copper_bulb":1,"minecraft:gravel":80,"minecraft:lava_bucket":5,"minecraft:amethyst_shard":7,"minecraft:white_bed":1,"minecraft:spider_eye":18,"minecraft:polished_tuff":7,"minecraft:brick_slab":3,"minecraft:pumpkin_seeds":4,"minecraft:coal_ore":45,"minecraft:stone_axe":1,"minecraft:deepslate_redstone_ore":5,"minecraft:iron_helmet":2,"minecraft:diamond_axe":2,"minecraft:warped_roots":1,"minecraft:baked_potato":36,"minecraft:damaged_anvil":1,"minecraft:melon_seeds":3,"minecraft:coal":357,"minecraft:mangrove_propagule":1,"minecraft:ender_pearl":1},"minecraft:dropped":{"minecraft:iron_sword":5,"minecraft:moss_block":10,"minecraft:diamond_axe":1,"minecraft:lapis_lazuli":94,"minecraft:cooked_beef":3,"minecraft:warped_fungus":3,"minecraft:baked_potato":15,"minecraft:warped_roots":1,"minecraft:chest_minecart":2,"minecraft:honeycomb":3,"minecraft:jungle_planks":5,"minecraft:saddle":2,"minecraft:rail":144,"minecraft:red_carpet":1,"minecraft:flint":4,"minecraft:emerald":9,"minecraft:dirt":27,"minecraft:cornflower":3,"minecraft:gold_nugget":10,"minecraft:amethyst_shard":3,"minecraft:bone_block":17,"minecraft:sand":2,"minecraft:iron_pickaxe":1,"minecraft:dark_oak_planks":16,"minecraft:bone":5,"minecraft:oak_door":2,"minecraft:gravel":43,"minecraft:red_glazed_terracotta":1,"minecraft:stone_axe":1,"minecraft:blackstone":1,"minecraft:spyglass":1,"minecraft:ancient_debris":2,"minecraft:detector_rail":4,"minecraft:cobbled_deepslate":3,"minecraft:rotten_flesh":34,"minecraft:light_gray_carpet":6,"minecraft:white_bed":5,"minecraft:carrot":1,"minecraft:oak_fence_gate":1,"minecraft:gunpowder":4,"minecraft:quartz_block":64,"minecraft:melon_seeds":3,"minecraft:azalea":1,"minecraft:basalt":24,"minecraft:arrow":7,"minecraft:chiseled_tuff":1,"minecraft:golden_boots":1,"minecraft:ghast_tear":3,"minecraft:quartz":77,"minecraft:splash_potion":1,"minecraft:netherrack":891,"minecraft:iron_ingot":26,"minecraft:water_bucket":2,"minecraft:wheat_seeds":19,"minecraft:poisonous_potato":4,"minecraft:feather":7,"minecraft:cobblestone":4,"minecraft:book":1,"minecraft:waxed_copper_grate":5,"minecraft:polished_tuff":7,"minecraft:apple":2,"minecraft:granite":24,"minecraft:activator_rail":8,"minecraft:coal":7,"minecraft:stick":8,"minecraft:jungle_slab":9,"minecraft:diorite":2,"minecraft:melon_slice":3,"minecraft:waxed_copper_bulb":5,"minecraft:mud_brick_stairs":4,"minecraft:waxed_oxidized_copper":1,"minecraft:iron_leggings":1,"minecraft:flowering_azalea":3,"minecraft:iron_axe":1,"minecraft:cactus":2,"minecraft:string":128,"minecraft:bucket":5,"minecraft:redstone":29,"minecraft:smooth_basalt":1,"minecraft:blue_terracotta":8,"minecraft:moss_carpet":2,"minecraft:tuff_bricks":30,"minecraft:stone_sword":1,"minecraft:cocoa_beans":2,"minecraft:polished_tuff_slab":1,"minecraft:tuff":3,"minecraft:raw_iron":32,"minecraft:white_carpet":24,"minecraft:clay_ball":28,"minecraft:iron_boots":1,"minecraft:pumpkin_seeds":4,"minecraft:diamond_sword":4,"minecraft:big_dripleaf":1,"minecraft:potato":20,"minecraft:hay_block":2,"minecraft:mud_bricks":31,"minecraft:shield":1,"minecraft:trial_key":1,"minecraft:diamond_chestplate":1,"minecraft:diamond_pickaxe":6,"minecraft:iron_chestplate":2,"minecraft:andesite":17,"minecraft:spider_eye":3,"minecraft:bamboo":1,"minecraft:diamond_boots":1,"minecraft:bow":6,"minecraft:wooden_pickaxe":1,"minecraft:stone_pickaxe":3,"minecraft:waxed_exposed_copper_bulb":1,"minecraft:raw_gold":4,"minecraft:magma_cream":1,"minecraft:brick_slab":3,"minecraft:brick":130},"minecraft:mined":{"minecraft:waxed_cut_copper_slab":1,"minecraft:blue_carpet":7,"minecraft:white_bed":1,"minecraft:jungle_leaves":89,"minecraft:obsidian":25,"minecraft:cave_vines_plant":5,"minecraft:granite":45,"minecraft:budding_amethyst":1,"minecraft:grass_block":46,"minecraft:jungle_log":49,"minecraft:soul_soil":1,"minecraft:mud_bricks":32,"minecraft:chiseled_tuff_bricks":2,"minecraft:crimson_fungus":1,"minecraft:oxeye_daisy":5,"minecraft:nether_wart":2,"minecraft:tuff_bricks":40,"minecraft:spawner":10,"minecraft:magma_block":163,"minecraft:glowstone":65,"minecraft:iron_ore":202,"minecraft:fire":12,"minecraft:cobbled_deepslate":20,"minecraft:polished_tuff":9,"minecraft:waxed_oxidized_copper_bulb":2,"minecraft:deepslate_lapis_ore":45,"minecraft:azure_bluet":8,"minecraft:dirt_path":12,"minecraft:cave_vines":3,"minecraft:oak_stairs":6,"minecraft:polished_tuff_slab":1,"minecraft:azalea_leaves":11,"minecraft:azalea":1,"minecraft:tripwire":2,"minecraft:jungle_trapdoor":1,"minecraft:deepslate_redstone_ore":59,"minecraft:quartz_block":1,"minecraft:cyan_terracotta":1,"minecraft:blackstone":46,"minecraft:twisting_vines_plant":1,"minecraft:crimson_nylium":2,"minecraft:amethyst_cluster":1,"minecraft:orange_terracotta":3,"minecraft:clay":7,"minecraft:torch":9,"minecraft:melon":1,"minecraft:calcite":5,"minecraft:mud_brick_stairs":5,"minecraft:poppy":12,"minecraft:chest":3,"minecraft:nether_quartz_ore":408,"minecraft:cobblestone":41,"minecraft:damaged_anvil":1,"minecraft:oak_planks":48,"minecraft:sugar_cane":106,"minecraft:bricks":11,"minecraft:wall_torch":21,"minecraft:amethyst_block":5,"minecraft:deepslate_copper_ore":2,"minecraft:white_terracotta":2,"minecraft:waxed_copper_bulb":5,"minecraft:red_candle":2,"minecraft:warped_nylium":2,"minecraft:blue_terracotta":4,"minecraft:mud":1,"minecraft:waxed_oxidized_cut_copper_stairs":1,"minecraft:birch_log":32,"minecraft:wheat":13,"minecraft:birch_trapdoor":1,"minecraft:activator_rail":8,"minecraft:waxed_copper_block":10,"minecraft:warped_fungus":1,"minecraft:tnt":9,"minecraft:oak_log":100,"minecraft:waxed_oxidized_copper":5,"minecraft:oak_fence_gate":3,"minecraft:sand":24,"minecraft:dirt":94,"minecraft:smooth_basalt":1,"minecraft:ancient_debris":4,"minecraft:netherrack":7448,"minecraft:deepslate":463,"minecraft:oak_leaves":26,"minecraft:suspicious_gravel":4,"minecraft:yellow_terracotta":5,"minecraft:nether_gold_ore":41,"minecraft:tuff":28,"minecraft:red_carpet":3,"minecraft:mossy_cobblestone":1,"minecraft:dark_oak_leaves":2,"minecraft:deepslate_diamond_ore":116,"minecraft:oak_door":9,"minecraft:dark_oak_log":32,"minecraft:nether_bricks":20,"minecraft:decorated_pot":19,"minecraft:jungle_planks":1,"minecraft:spruce_leaves":3,"minecraft:sandstone":38,"minecraft:moss_block":9,"minecraft:mangrove_propagule":1,"minecraft:large_fern":1,"minecraft:hay_block":1,"minecraft:redstone_ore":4,"minecraft:packed_mud":5,"minecraft:furnace":7,"minecraft:carrots":1,"minecraft:jungle_sapling":1,"minecraft:waxed_copper_grate":9,"minecraft:andesite":63,"minecraft:chiseled_tuff":1,"minecraft:nether_brick_fence":5,"minecraft:bookshelf":4,"minecraft:potatoes":52,"minecraft:deepslate_iron_ore":53,"minecraft:vine":28,"minecraft:rail":323,"minecraft:warped_stem":2,"minecraft:bamboo":1,"minecraft:waxed_weathered_copper_bulb":1,"minecraft:stone":1327,"minecraft:bone_block":60,"minecraft:white_wool":2,"minecraft:mud_brick_slab":1,"minecraft:light_gray_carpet":36,"minecraft:waxed_exposed_copper_bulb":1,"minecraft:redstone_block":6,"minecraft:flowering_azalea":1,"minecraft:glass_pane":4,"minecraft:soul_sand":1,"minecraft:basalt":186,"minecraft:stone_brick_slab":3,"minecraft:dandelion":1,"minecraft:oak_fence":23,"minecraft:crafting_table":8,"minecraft:cornflower":9,"minecraft:short_grass":86,"minecraft:warped_roots":1,"minecraft:lectern":19,"minecraft:copper_ore":5,"minecraft:tall_grass":14,"minecraft:red_glazed_terracotta":1,"minecraft:lapis_ore":17,"minecraft:deepslate_gold_ore":11,"minecraft:diorite":137,"minecraft:cactus":1,"minecraft:birch_planks":1,"minecraft:red_terracotta":1,"minecraft:coarse_dirt":1,"minecraft:brick_slab":3,"minecraft:waxed_oxidized_copper_grate":6,"minecraft:white_carpet":34,"minecraft:birch_leaves":9,"minecraft:coal_ore":256,"minecraft:gravel":56,"minecraft:cobweb":95,"minecraft:stone_bricks":1,"minecraft:chipped_anvil":3,"minecraft:fern":2}},"DataVersion":3953}