{"stats":{"minecraft:picked_up":{"minecraft:iron_chestplate":4,"minecraft:wheat":2,"minecraft:crafting_table":2,"minecraft:chest_minecart":1,"minecraft:andesite":1,"minecraft:leather":1,"minecraft:wooden_pickaxe":2,"minecraft:potato":1,"minecraft:enchanted_book":2,"minecraft:crimson_fungus":1,"minecraft:oak_log":33,"minecraft:shield":4,"minecraft:gunpowder":1,"minecraft:amethyst_block":8,"minecraft:string":34,"minecraft:dirt":179,"minecraft:raw_copper":8,"minecraft:cooked_mutton":7,"minecraft:bone":2,"minecraft:wheat_seeds":18,"minecraft:cobbled_deepslate":24,"minecraft:iron_ingot":5,"minecraft:coal_block":2,"minecraft:poppy":2,"minecraft:iron_pickaxe":3,"minecraft:melon_slice":18,"minecraft:iron_sword":3,"minecraft:oak_planks":15,"minecraft:iron_boots":4,"minecraft:stick":43,"minecraft:oak_fence":4,"minecraft:torch":12,"minecraft:dandelion":2,"minecraft:porkchop":5,"minecraft:sand":1,"minecraft:blast_furnace":1,"minecraft:diorite":10,"minecraft:white_bed":4,"minecraft:carrot":1,"minecraft:redstone":5,"minecraft:pumpkin_seeds":8,"minecraft:rotten_flesh":13,"minecraft:arrow":11,"minecraft:diamond":8,"minecraft:beetroot_seeds":6,"minecraft:crossbow":6,"minecraft:baked_potato":33,"minecraft:oak_sapling":10,"minecraft:mutton":36,"minecraft:coal":35,"minecraft:rail":88,"minecraft:white_wool":15,"minecraft:cobblestone":84},"minecraft:custom":{"minecraft:interact_with_furnace":12,"minecraft:interact_with_anvil":1,"minecraft:mob_kills":33,"minecraft:animals_bred":1,"minecraft:traded_with_villager":4,"minecraft:interact_with_crafting_table":11,"minecraft:leave_game":4,"minecraft:time_since_death":5059,"minecraft:sleep_in_bed":7,"minecraft:time_since_rest":5100,"minecraft:sprint_one_cm":263164,"minecraft:walk_one_cm":593269,"minecraft:damage_taken":5164,"minecraft:damage_blocked_by_shield":317,"minecraft:drop":75,"minecraft:damage_dealt":6867,"minecraft:talked_to_villager":6,"minecraft:player_kills":1,"minecraft:fly_one_cm":236140,"minecraft:open_chest":14,"minecraft:crouch_one_cm":16539,"minecraft:walk_under_water_one_cm":5285,"minecraft:play_time":127113,"minecraft:deaths":14,"minecraft:sneak_time":4520,"minecraft:boat_one_cm":1659,"minecraft:jump":1988,"minecraft:interact_with_blast_furnace":1,"minecraft:walk_on_water_one_cm":8758,"minecraft:total_world_time":127113,"minecraft:fall_one_cm":46752},"minecraft:mined":{"minecraft:deepslate_redstone_ore":1,"minecraft:oak_sapling":1,"minecraft:white_bed":3,"minecraft:glass_pane":1,"minecraft:deepslate_diamond_ore":5,"minecraft:dandelion":2,"minecraft:glow_lichen":1,"minecraft:crafting_table":2,"minecraft:cornflower":1,"minecraft:torch":1,"minecraft:short_grass":58,"minecraft:grass_block":9,"minecraft:poppy":1,"minecraft:copper_ore":2,"minecraft:cobblestone":3,"minecraft:tall_grass":5,"minecraft:oak_planks":13,"minecraft:diorite":10,"minecraft:wall_torch":1,"minecraft:amethyst_block":10,"minecraft:cobbled_deepslate":2,"minecraft:wheat":2,"minecraft:andesite":1,"minecraft:coal_ore":24,"minecraft:oak_log":30,"minecraft:dirt_path":3,"minecraft:rail":30,"minecraft:sand":2,"minecraft:dirt":80,"minecraft:cobweb":11,"minecraft:stone":65,"minecraft:white_wool":4,"minecraft:oak_leaves":60,"minecraft:deepslate":19},"minecraft:used":{"minecraft:cooked_mutton":4,"minecraft:oak_fence":2,"minecraft:wheat_seeds":8,"minecraft:diorite":10,"minecraft:amethyst_block":8,"minecraft:poppy":1,"minecraft:baked_potato":22,"minecraft:oak_planks":30,"minecraft:shield":10,"minecraft:wooden_pickaxe":24,"minecraft:iron_sword":105,"minecraft:iron_chestplate":3,"minecraft:white_wool":5,"minecraft:torch":8,"minecraft:dirt":153,"minecraft:sand":1,"minecraft:crafting_table":3,"minecraft:carrot":1,"minecraft:white_bed":3,"minecraft:pumpkin_seeds":4,"minecraft:apple":2,"minecraft:melon_slice":18,"minecraft:iron_pickaxe":175,"minecraft:iron_boots":3,"minecraft:wooden_sword":52,"minecraft:crimson_fungus":1,"minecraft:cobblestone":74,"minecraft:oak_sapling":10,"minecraft:porkchop":5,"minecraft:beetroot_seeds":3,"minecraft:andesite":4,"minecraft:cobbled_deepslate":22,"minecraft:dandelion":2},"minecraft:killed":{"minecraft:cave_spider":1,"minecraft:pig":3,"minecraft:spider":4,"minecraft:iron_golem":1,"minecraft:sheep":7,"minecraft:skeleton":4,"minecraft:zombie":8},"minecraft:crafted":{"minecraft:coal_block":3,"minecraft:wooden_sword":1,"minecraft:oak_planks":124,"minecraft:emerald":4,"minecraft:crafting_table":1,"minecraft:wooden_pickaxe":2,"minecraft:baked_potato":7,"minecraft:iron_sword":1,"minecraft:cooked_mutton":9,"minecraft:air":0,"minecraft:stick":160,"minecraft:iron_pickaxe":1,"minecraft:torch":4},"minecraft:dropped":{"minecraft:wheat_seeds":10,"minecraft:diamond":5,"minecraft:rotten_flesh":7,"minecraft:leather":1,"minecraft:rail":30,"minecraft:blast_furnace":1,"minecraft:coal":7,"minecraft:emerald":4,"minecraft:poppy":1,"minecraft:potato":8,"minecraft:gunpowder":1},"minecraft:killed_by":{"minecraft:player":1,"minecraft:cave_spider":1,"minecraft:zombie":3,"minecraft:enderman":3,"minecraft:iron_golem":4}},"DataVersion":3953}