{"stats":{"minecraft:killed":{"minecraft:cave_spider":1,"minecraft:spider":4,"minecraft:skeleton":4,"minecraft:pig":3,"minecraft:iron_golem":1,"minecraft:sheep":7,"minecraft:zombie":11},"minecraft:used":{"minecraft:oak_fence":40,"minecraft:poppy":1,"minecraft:chest":2,"minecraft:shield":10,"minecraft:iron_sword":126,"minecraft:iron_chestplate":3,"minecraft:torch":15,"minecraft:dirt":177,"minecraft:white_carpet":1,"minecraft:carrot":1,"minecraft:azure_bluet":1,"minecraft:oak_fence_gate":1,"minecraft:jungle_sapling":16,"minecraft:iron_boots":3,"minecraft:oak_sapling":10,"minecraft:beetroot_seeds":3,"minecraft:egg":36,"minecraft:cobbled_deepslate":22,"minecraft:wheat_seeds":18,"minecraft:cooked_mutton":9,"minecraft:diorite":10,"minecraft:amethyst_block":8,"minecraft:baked_potato":22,"minecraft:oak_planks":31,"minecraft:wooden_pickaxe":24,"minecraft:diamond_axe":160,"minecraft:cookie":32,"minecraft:white_wool":5,"minecraft:sand":1,"minecraft:crafting_table":3,"minecraft:white_bed":3,"minecraft:pumpkin_seeds":7,"minecraft:apple":5,"minecraft:string":3,"minecraft:melon_slice":18,"minecraft:iron_pickaxe":180,"minecraft:stone_axe":131,"minecraft:wooden_sword":52,"minecraft:crimson_fungus":1,"minecraft:cobblestone":77,"minecraft:porkchop":5,"minecraft:stripped_oak_wood":1,"minecraft:andesite":4,"minecraft:dandelion":2,"minecraft:bone_meal":18},"minecraft:mined":{"minecraft:white_bed":3,"minecraft:oak_sapling":1,"minecraft:deepslate_diamond_ore":5,"minecraft:jungle_leaves":20,"minecraft:glow_lichen":1,"minecraft:grass_block":15,"minecraft:jungle_log":213,"minecraft:cobbled_deepslate":2,"minecraft:andesite":1,"minecraft:azure_bluet":1,"minecraft:vine":36,"minecraft:dirt_path":3,"minecraft:rail":30,"minecraft:stone":70,"minecraft:white_wool":4,"minecraft:tripwire":3,"minecraft:deepslate_redstone_ore":1,"minecraft:glass_pane":1,"minecraft:dandelion":5,"minecraft:oak_fence":35,"minecraft:crafting_table":2,"minecraft:cornflower":1,"minecraft:torch":3,"minecraft:short_grass":615,"minecraft:poppy":2,"minecraft:tall_grass":20,"minecraft:copper_ore":2,"minecraft:cobblestone":3,"minecraft:oak_planks":13,"minecraft:diorite":10,"minecraft:wall_torch":1,"minecraft:amethyst_block":10,"minecraft:birch_planks":1,"minecraft:wheat":12,"minecraft:pumpkin_stem":3,"minecraft:oak_log":34,"minecraft:coal_ore":24,"minecraft:oak_fence_gate":1,"minecraft:sand":2,"minecraft:dirt":88,"minecraft:cobweb":11,"minecraft:oak_leaves":60,"minecraft:deepslate":19},"minecraft:broken":{"minecraft:stone_axe":1},"minecraft:crafted":{"minecraft:wooden_sword":1,"minecraft:oak_planks":140,"minecraft:bone_meal":9,"minecraft:white_carpet":96,"minecraft:cooked_mutton":9,"minecraft:chest":2,"minecraft:coal_block":3,"minecraft:emerald":58,"minecraft:crafting_table":1,"minecraft:baked_potato":7,"minecraft:wooden_pickaxe":2,"minecraft:iron_sword":1,"minecraft:stone_axe":1,"minecraft:jungle_planks":822,"minecraft:air":0,"minecraft:diamond_pickaxe":1,"minecraft:stick":1324,"minecraft:iron_pickaxe":1,"minecraft:torch":4},"minecraft:custom":{"minecraft:mob_kills":36,"minecraft:interact_with_anvil":1,"minecraft:animals_bred":20,"minecraft:interact_with_crafting_table":23,"minecraft:leave_game":5,"minecraft:time_since_death":84959,"minecraft:climb_one_cm":91,"minecraft:sprint_one_cm":526139,"minecraft:walk_one_cm":1000672,"minecraft:damage_blocked_by_shield":317,"minecraft:drop":116,"minecraft:talked_to_villager":39,"minecraft:play_time":207013,"minecraft:deaths":14,"minecraft:sneak_time":5869,"minecraft:walk_under_water_one_cm":5896,"minecraft:boat_one_cm":1659,"minecraft:jump":3185,"minecraft:interact_with_blast_furnace":1,"minecraft:walk_on_water_one_cm":12924,"minecraft:total_world_time":207013,"minecraft:interact_with_furnace":14,"minecraft:traded_with_villager":59,"minecraft:sleep_in_bed":8,"minecraft:time_since_rest":62289,"minecraft:damage_taken":5540,"minecraft:damage_dealt":7518,"minecraft:fly_one_cm":489222,"minecraft:player_kills":1,"minecraft:open_chest":44,"minecraft:crouch_one_cm":20825,"minecraft:fall_one_cm":73488,"minecraft:horse_one_cm":3},"minecraft:killed_by":{"minecraft:player":1,"minecraft:enderman":3,"minecraft:iron_golem":4,"minecraft:cave_spider":1,"minecraft:zombie":3},"minecraft:picked_up":{"minecraft:crafting_table":2,"minecraft:iron_chestplate":4,"minecraft:wheat":16,"minecraft:azure_bluet":1,"minecraft:chest_minecart":1,"minecraft:wooden_pickaxe":2,"minecraft:enchanted_book":2,"minecraft:shield":4,"minecraft:amethyst_block":8,"minecraft:string":932,"minecraft:raw_copper":8,"minecraft:cobbled_deepslate":24,"minecraft:jungle_sapling":13,"minecraft:poppy":3,"minecraft:iron_pickaxe":3,"minecraft:melon_slice":18,"minecraft:coal_block":3,"minecraft:egg":36,"minecraft:iron_boots":4,"minecraft:stick":69,"minecraft:oak_fence":42,"minecraft:torch":16,"minecraft:porkchop":5,"minecraft:cookie":54,"minecraft:diorite":10,"minecraft:carrot":1,"minecraft:redstone":5,"minecraft:rotten_flesh":21,"minecraft:arrow":11,"minecraft:beetroot_seeds":6,"minecraft:mutton":36,"minecraft:rail":88,"minecraft:white_wool":15,"minecraft:cobblestone":89,"minecraft:andesite":1,"minecraft:jungle_log":213,"minecraft:leather":1,"minecraft:potato":1,"minecraft:birch_planks":1,"minecraft:crimson_fungus":1,"minecraft:tuff":1,"minecraft:oak_log":37,"minecraft:gunpowder":1,"minecraft:dirt":209,"minecraft:cooked_mutton":7,"minecraft:bone":2,"minecraft:wheat_seeds":132,"minecraft:oak_fence_gate":1,"minecraft:iron_ingot":5,"minecraft:stripped_oak_wood":1,"minecraft:iron_sword":3,"minecraft:oak_planks":16,"minecraft:dandelion":4,"minecraft:sand":1,"minecraft:amethyst_shard":3,"minecraft:blast_furnace":1,"minecraft:white_bed":4,"minecraft:spider_eye":1,"minecraft:pumpkin_seeds":14,"minecraft:diamond":8,"minecraft:diamond_axe":2,"minecraft:crossbow":6,"minecraft:granite":3,"minecraft:emerald":1,"minecraft:baked_potato":33,"minecraft:oak_sapling":10,"minecraft:coal":35},"minecraft:dropped":{"minecraft:wheat_seeds":18,"minecraft:diamond_axe":2,"minecraft:diamond":5,"minecraft:leather":1,"minecraft:jungle_planks":152,"minecraft:rail":30,"minecraft:coal":7,"minecraft:coal_block":2,"minecraft:emerald":4,"minecraft:dirt":5,"minecraft:amethyst_shard":3,"minecraft:dandelion":2,"minecraft:tuff":1,"minecraft:wheat":4,"minecraft:rotten_flesh":15,"minecraft:pumpkin_seeds":3,"minecraft:blast_furnace":1,"minecraft:poppy":1,"minecraft:potato":8,"minecraft:gunpowder":1,"minecraft:jungle_log":7,"minecraft:spider_eye":1,"minecraft:bamboo":1}},"DataVersion":3953}