{"stats":{"minecraft:killed":{"minecraft:cave_spider":1,"minecraft:spider":4,"minecraft:skeleton":4,"minecraft:pig":3,"minecraft:iron_golem":1,"minecraft:sheep":7,"minecraft:zombie":8},"minecraft:used":{"minecraft:oak_fence":2,"minecraft:poppy":1,"minecraft:shield":10,"minecraft:iron_sword":105,"minecraft:iron_chestplate":3,"minecraft:torch":8,"minecraft:dirt":157,"minecraft:carrot":1,"minecraft:iron_boots":3,"minecraft:oak_sapling":10,"minecraft:beetroot_seeds":3,"minecraft:cobbled_deepslate":22,"minecraft:wheat_seeds":8,"minecraft:cooked_mutton":5,"minecraft:diorite":10,"minecraft:amethyst_block":8,"minecraft:baked_potato":22,"minecraft:oak_planks":30,"minecraft:wooden_pickaxe":24,"minecraft:white_wool":5,"minecraft:sand":1,"minecraft:crafting_table":3,"minecraft:white_bed":3,"minecraft:pumpkin_seeds":4,"minecraft:apple":2,"minecraft:melon_slice":18,"minecraft:iron_pickaxe":180,"minecraft:stone_axe":41,"minecraft:wooden_sword":52,"minecraft:crimson_fungus":1,"minecraft:cobblestone":74,"minecraft:porkchop":5,"minecraft:andesite":4,"minecraft:dandelion":2},"minecraft:mined":{"minecraft:white_bed":3,"minecraft:oak_sapling":1,"minecraft:deepslate_diamond_ore":5,"minecraft:glow_lichen":1,"minecraft:grass_block":10,"minecraft:jungle_log":39,"minecraft:cobbled_deepslate":2,"minecraft:andesite":1,"minecraft:dirt_path":3,"minecraft:vine":2,"minecraft:rail":30,"minecraft:stone":70,"minecraft:white_wool":4,"minecraft:deepslate_redstone_ore":1,"minecraft:glass_pane":1,"minecraft:dandelion":2,"minecraft:cornflower":1,"minecraft:crafting_table":2,"minecraft:torch":1,"minecraft:short_grass":59,"minecraft:poppy":1,"minecraft:tall_grass":5,"minecraft:copper_ore":2,"minecraft:cobblestone":3,"minecraft:oak_planks":13,"minecraft:diorite":10,"minecraft:wall_torch":1,"minecraft:amethyst_block":10,"minecraft:wheat":2,"minecraft:coal_ore":24,"minecraft:oak_log":30,"minecraft:sand":2,"minecraft:dirt":83,"minecraft:cobweb":11,"minecraft:oak_leaves":60,"minecraft:deepslate":19},"minecraft:crafted":{"minecraft:wooden_sword":1,"minecraft:oak_planks":124,"minecraft:cooked_mutton":9,"minecraft:coal_block":3,"minecraft:emerald":6,"minecraft:crafting_table":1,"minecraft:wooden_pickaxe":2,"minecraft:baked_potato":7,"minecraft:iron_sword":1,"minecraft:stone_axe":1,"minecraft:air":0,"minecraft:stick":236,"minecraft:iron_pickaxe":1,"minecraft:torch":4},"minecraft:custom":{"minecraft:mob_kills":33,"minecraft:interact_with_anvil":1,"minecraft:animals_bred":1,"minecraft:interact_with_crafting_table":16,"minecraft:leave_game":4,"minecraft:time_since_death":13431,"minecraft:sprint_one_cm":282799,"minecraft:walk_one_cm":613602,"minecraft:damage_blocked_by_shield":317,"minecraft:drop":78,"minecraft:talked_to_villager":10,"minecraft:play_time":135485,"minecraft:deaths":14,"minecraft:sneak_time":4613,"minecraft:walk_under_water_one_cm":5285,"minecraft:boat_one_cm":1659,"minecraft:jump":2156,"minecraft:interact_with_blast_furnace":1,"minecraft:walk_on_water_one_cm":8932,"minecraft:total_world_time":135485,"minecraft:interact_with_furnace":12,"minecraft:traded_with_villager":6,"minecraft:sleep_in_bed":7,"minecraft:time_since_rest":13472,"minecraft:damage_taken":5164,"minecraft:damage_dealt":6869,"minecraft:fly_one_cm":268264,"minecraft:player_kills":1,"minecraft:open_chest":21,"minecraft:crouch_one_cm":17154,"minecraft:fall_one_cm":50121,"minecraft:horse_one_cm":3},"minecraft:killed_by":{"minecraft:player":1,"minecraft:enderman":3,"minecraft:iron_golem":4,"minecraft:cave_spider":1,"minecraft:zombie":3},"minecraft:picked_up":{"minecraft:iron_chestplate":4,"minecraft:crafting_table":2,"minecraft:wheat":2,"minecraft:chest_minecart":1,"minecraft:wooden_pickaxe":2,"minecraft:enchanted_book":2,"minecraft:shield":4,"minecraft:amethyst_block":8,"minecraft:string":34,"minecraft:raw_copper":8,"minecraft:cobbled_deepslate":24,"minecraft:iron_pickaxe":3,"minecraft:poppy":2,"minecraft:melon_slice":18,"minecraft:coal_block":2,"minecraft:iron_boots":4,"minecraft:stick":43,"minecraft:oak_fence":4,"minecraft:torch":12,"minecraft:porkchop":5,"minecraft:diorite":10,"minecraft:carrot":1,"minecraft:redstone":5,"minecraft:rotten_flesh":13,"minecraft:arrow":11,"minecraft:beetroot_seeds":6,"minecraft:mutton":36,"minecraft:white_wool":15,"minecraft:rail":88,"minecraft:cobblestone":89,"minecraft:jungle_log":35,"minecraft:andesite":1,"minecraft:leather":1,"minecraft:potato":1,"minecraft:crimson_fungus":1,"minecraft:oak_log":33,"minecraft:gunpowder":1,"minecraft:dirt":183,"minecraft:cooked_mutton":7,"minecraft:bone":2,"minecraft:wheat_seeds":18,"minecraft:iron_ingot":5,"minecraft:oak_planks":15,"minecraft:iron_sword":3,"minecraft:dandelion":2,"minecraft:sand":1,"minecraft:amethyst_shard":3,"minecraft:blast_furnace":1,"minecraft:white_bed":4,"minecraft:pumpkin_seeds":8,"minecraft:diamond":8,"minecraft:crossbow":6,"minecraft:baked_potato":33,"minecraft:oak_sapling":10,"minecraft:coal":35},"minecraft:dropped":{"minecraft:wheat_seeds":10,"minecraft:diamond":5,"minecraft:leather":1,"minecraft:rail":30,"minecraft:coal":7,"minecraft:emerald":4,"minecraft:amethyst_shard":3,"minecraft:rotten_flesh":7,"minecraft:blast_furnace":1,"minecraft:poppy":1,"minecraft:potato":8,"minecraft:gunpowder":1}},"DataVersion":3953}