{"stats":{"minecraft:custom":{"minecraft:animals_bred":137,"minecraft:interact_with_crafting_table":76,"minecraft:open_barrel":5,"minecraft:bell_ring":17,"minecraft:leave_game":6,"minecraft:time_since_death":59240,"minecraft:sprint_one_cm":2462038,"minecraft:damage_blocked_by_shield":1222,"minecraft:drop":218,"minecraft:talked_to_villager":293,"minecraft:play_time":1038320,"minecraft:deaths":15,"minecraft:jump":19715,"minecraft:interact_with_brewingstand":3,"minecraft:walk_on_water_one_cm":68194,"minecraft:enchant_item":23,"minecraft:interact_with_furnace":49,"minecraft:traded_with_villager":999,"minecraft:sleep_in_bed":28,"minecraft:damage_dealt":24076,"minecraft:player_kills":1,"minecraft:crouch_one_cm":244320,"minecraft:horse_one_cm":60,"minecraft:interact_with_smithing_table":5,"minecraft:mob_kills":634,"minecraft:interact_with_anvil":15,"minecraft:inspect_hopper":25,"minecraft:climb_one_cm":30455,"minecraft:walk_one_cm":3506110,"minecraft:sneak_time":75148,"minecraft:walk_under_water_one_cm":41971,"minecraft:boat_one_cm":463098,"minecraft:interact_with_blast_furnace":11,"minecraft:total_world_time":1038320,"minecraft:interact_with_grindstone":20,"minecraft:time_since_rest":59319,"minecraft:damage_taken":12482,"minecraft:swim_one_cm":21449,"minecraft:fly_one_cm":3976126,"minecraft:open_chest":514,"minecraft:fall_one_cm":568898},"minecraft:mined":{"minecraft:white_bed":3,"minecraft:oak_sapling":1,"minecraft:jungle_leaves":322,"minecraft:obsidian":1,"minecraft:grass_block":132,"minecraft:jungle_log":1499,"minecraft:hopper":1,"minecraft:oxeye_daisy":1,"minecraft:tall_seagrass":3,"minecraft:magma_block":4,"minecraft:glowstone":36,"minecraft:cobbled_deepslate":9,"minecraft:fire":11,"minecraft:pumpkin":1,"minecraft:moss_carpet":1,"minecraft:azure_bluet":1,"minecraft:dirt_path":25,"minecraft:quartz_slab":43,"minecraft:oak_stairs":1,"minecraft:tripwire":10,"minecraft:deepslate_redstone_ore":1,"minecraft:quartz_block":2,"minecraft:blackstone":8,"minecraft:crimson_nylium":10,"minecraft:soul_fire":9,"minecraft:torch":5,"minecraft:blast_furnace":1,"minecraft:poppy":2,"minecraft:chest":1,"minecraft:nether_quartz_ore":693,"minecraft:cobblestone":5,"minecraft:sugar_cane":39,"minecraft:oak_planks":16,"minecraft:wall_torch":5,"minecraft:amethyst_block":10,"minecraft:wheat":137,"minecraft:pumpkin_stem":3,"minecraft:orange_tulip":1,"minecraft:oak_log":66,"minecraft:oak_fence_gate":2,"minecraft:sand":101,"minecraft:dirt":213,"minecraft:netherrack":1851,"minecraft:oak_leaves":134,"minecraft:deepslate":20,"minecraft:nether_gold_ore":78,"minecraft:deepslate_diamond_ore":6,"minecraft:oak_door":1,"minecraft:mangrove_roots":2,"minecraft:glow_lichen":1,"minecraft:nether_bricks":9,"minecraft:jungle_planks":14,"minecraft:crimson_roots":1,"minecraft:mangrove_propagule":1,"minecraft:jungle_sapling":14,"minecraft:andesite":1,"minecraft:gold_block":1,"minecraft:nether_brick_fence":7,"minecraft:bookshelf":7,"minecraft:potatoes":6,"minecraft:vine":205,"minecraft:rail":50,"minecraft:bamboo_sapling":1,"minecraft:bamboo":89,"minecraft:stone":99,"minecraft:white_tulip":1,"minecraft:white_wool":4,"minecraft:light_gray_carpet":1,"minecraft:glass_pane":10,"minecraft:basalt":78,"minecraft:dandelion":12,"minecraft:oak_fence":44,"minecraft:crafting_table":2,"minecraft:cornflower":1,"minecraft:short_grass":1188,"minecraft:warped_roots":1,"minecraft:tall_grass":52,"minecraft:copper_ore":13,"minecraft:quartz_bricks":26,"minecraft:diorite":10,"minecraft:birch_planks":1,"minecraft:white_carpet":3,"minecraft:jungle_fence":1,"minecraft:yellow_bed":1,"minecraft:coal_ore":30,"minecraft:cobweb":11,"minecraft:fern":1},"minecraft:crafted":{"minecraft:oak_planks":264,"minecraft:quartz_bricks":316,"minecraft:cooked_chicken":68,"minecraft:bookshelf":7,"minecraft:cooked_mutton":9,"minecraft:glass":127,"minecraft:quartz_block":309,"minecraft:hopper":10,"minecraft:diamond_helmet":1,"minecraft:diamond_leggings":1,"minecraft:bow":1,"minecraft:chest":23,"minecraft:quartz_stairs":12,"minecraft:emerald":920,"minecraft:arrow":192,"minecraft:diamond_axe":1,"minecraft:crafting_table":4,"minecraft:wooden_pickaxe":2,"minecraft:baked_potato":7,"minecraft:diamond_pickaxe":2,"minecraft:stick":11907,"minecraft:iron_pickaxe":1,"minecraft:iron_block":9,"minecraft:gold_ingot":9,"minecraft:golden_carrot":72,"minecraft:wooden_sword":1,"minecraft:bone_meal":39,"minecraft:white_carpet":96,"minecraft:glass_pane":352,"minecraft:ladder":3,"minecraft:diamond_boots":1,"minecraft:quartz_slab":126,"minecraft:jungle_fence":3,"minecraft:coal_block":9,"minecraft:diamond_sword":1,"minecraft:iron_sword":2,"minecraft:bucket":1,"minecraft:stone_axe":1,"minecraft:glowstone":17,"minecraft:enchanted_book":16,"minecraft:air":0,"minecraft:jungle_planks":5778,"minecraft:oak_boat":1,"minecraft:anvil":3,"minecraft:white_bed":19,"minecraft:torch":92,"minecraft:diamond_chestplate":1},"minecraft:killed":{"minecraft:cave_spider":1,"minecraft:zombified_piglin":32,"minecraft:witch":2,"minecraft:spider":13,"minecraft:skeleton":18,"minecraft:chicken":293,"minecraft:magma_cube":16,"minecraft:piglin":13,"minecraft:pig":3,"minecraft:iron_golem":2,"minecraft:creeper":7,"minecraft:sheep":7,"minecraft:trader_llama":1,"minecraft:zombie":30,"minecraft:ghast":1,"minecraft:blaze":2,"minecraft:drowned":1,"minecraft:wandering_trader":1,"minecraft:hoglin":3,"minecraft:wither_skeleton":8,"minecraft:villager":1,"minecraft:enderman":1},"minecraft:dropped":{"minecraft:diamond_axe":2,"minecraft:lapis_lazuli":26,"minecraft:diamond":6,"minecraft:leather":1,"minecraft:jungle_planks":152,"minecraft:rail":30,"minecraft:emerald":4,"minecraft:dirt":10,"minecraft:crimson_roots":5,"minecraft:gold_nugget":384,"minecraft:amethyst_shard":3,"minecraft:gold_ingot":11,"minecraft:bone":7,"minecraft:ancient_debris":1,"minecraft:mangrove_roots":2,"minecraft:cooked_chicken":108,"minecraft:wheat":11,"minecraft:rotten_flesh":20,"minecraft:glowstone_dust":9,"minecraft:poppy":1,"minecraft:gunpowder":4,"minecraft:jungle_log":23,"minecraft:basalt":2,"minecraft:quartz":192,"minecraft:netherrack":15,"minecraft:enchanted_book":1,"minecraft:iron_ingot":8,"minecraft:wheat_seeds":23,"minecraft:lead":3,"minecraft:apple":1,"minecraft:coal":7,"minecraft:coal_block":2,"minecraft:torch":1,"minecraft:string":662,"minecraft:lily_pad":40,"minecraft:dandelion":2,"minecraft:redstone":6,"minecraft:raw_copper":79,"minecraft:tuff":1,"minecraft:diamond_hoe":1,"minecraft:iron_boots":1,"minecraft:nether_bricks":6,"minecraft:pumpkin_seeds":5,"minecraft:blast_furnace":1,"minecraft:diamond_sword":3,"minecraft:potato":9,"minecraft:iron_chestplate":1,"minecraft:diamond_pickaxe":4,"minecraft:spider_eye":1,"minecraft:bamboo":1,"minecraft:magma_block":2},"minecraft:used":{"minecraft:nether_brick_fence":7,"minecraft:moss_carpet":1,"minecraft:ladder":3,"minecraft:poppy":3,"minecraft:chest":15,"minecraft:shield":31,"minecraft:white_terracotta":1,"minecraft:iron_sword":304,"minecraft:quartz_stairs":12,"minecraft:rotten_flesh":2,"minecraft:iron_chestplate":3,"minecraft:jungle_planks":14,"minecraft:carrot":43,"minecraft:azure_bluet":1,"minecraft:jungle_sapling":128,"minecraft:lava_bucket":8,"minecraft:quartz_slab":167,"minecraft:quartz_block":32,"minecraft:magma_block":2,"minecraft:bow":264,"minecraft:oak_sapling":10,"minecraft:beetroot_seeds":3,"minecraft:egg":2524,"minecraft:potato":14,"minecraft:diorite":10,"minecraft:oak_planks":38,"minecraft:jungle_fence":4,"minecraft:orange_tulip":1,"minecraft:blackstone":3,"minecraft:wooden_pickaxe":24,"minecraft:diamond_axe":2030,"minecraft:oak_leaves":49,"minecraft:cookie":54,"minecraft:white_wool":5,"minecraft:sand":11,"minecraft:blast_furnace":1,"minecraft:shears":73,"minecraft:pumpkin_seeds":7,"minecraft:melon_slice":18,"minecraft:string":10,"minecraft:diamond_sword":195,"minecraft:wooden_sword":52,"minecraft:stripped_oak_wood":1,"minecraft:andesite":4,"minecraft:oak_boat":7,"minecraft:bone_meal":173,"minecraft:oak_fence":49,"minecraft:light_gray_carpet":4,"minecraft:cooked_chicken":113,"minecraft:netherrack":1112,"minecraft:torch":21,"minecraft:dirt":495,"minecraft:anvil":3,"minecraft:white_carpet":145,"minecraft:hopper":11,"minecraft:oak_fence_gate":3,"minecraft:bookshelf":7,"minecraft:oak_stairs":1,"minecraft:jungle_log":39,"minecraft:iron_boots":3,"minecraft:bamboo":38,"minecraft:basalt":69,"minecraft:glowstone":29,"minecraft:golden_carrot":36,"minecraft:cobbled_deepslate":30,"minecraft:pumpkin":1,"minecraft:quartz_bricks":334,"minecraft:wheat_seeds":96,"minecraft:cooked_mutton":9,"minecraft:water_bucket":35,"minecraft:amethyst_block":8,"minecraft:baked_potato":22,"minecraft:blue_wool":1,"minecraft:rail":2,"minecraft:crafting_table":6,"minecraft:white_bed":22,"minecraft:diamond_pickaxe":2939,"minecraft:apple":5,"minecraft:oxeye_daisy":1,"minecraft:iron_pickaxe":180,"minecraft:stone_axe":131,"minecraft:crimson_fungus":1,"minecraft:cobblestone":83,"minecraft:porkchop":5,"minecraft:bucket":43,"minecraft:glass_pane":227,"minecraft:dandelion":9},"minecraft:broken":{"minecraft:stone_axe":1,"minecraft:bow":1},"minecraft:killed_by":{"minecraft:cave_spider":1,"minecraft:zombie":3,"minecraft:player":1,"minecraft:enderman":3,"minecraft:iron_golem":4},"minecraft:picked_up":{"minecraft:iron_chestplate":4,"minecraft:wheat":89,"minecraft:chainmail_boots":1,"minecraft:nether_brick_fence":7,"minecraft:suspicious_stew":1,"minecraft:smithing_table":1,"minecraft:lead":3,"minecraft:diamond_sword":4,"minecraft:oak_stairs":1,"minecraft:potion":1,"minecraft:enchanted_book":3,"minecraft:amethyst_block":8,"minecraft:string":10229,"minecraft:raw_copper":92,"minecraft:activator_rail":4,"minecraft:diamond_leggings":1,"minecraft:gold_nugget":368,"minecraft:cobbled_deepslate":33,"minecraft:bucket":2,"minecraft:white_tulip":1,"minecraft:iron_pickaxe":3,"minecraft:coal_block":3,"minecraft:melon_slice":18,"minecraft:iron_boots":10,"minecraft:blue_wool":3,"minecraft:stick":232,"minecraft:birch_trapdoor":3,"minecraft:oak_fence":53,"minecraft:torch":114,"minecraft:porkchop":6,"minecraft:diorite":10,"minecraft:quartz_block":3,"minecraft:stone_sword":1,"minecraft:rotten_flesh":33,"minecraft:honey_bottle":3,"minecraft:glowstone":13,"minecraft:mangrove_roots":2,"minecraft:blaze_rod":1,"minecraft:obsidian":1,"minecraft:cobblestone":119,"minecraft:magma_block":4,"minecraft:feather":431,"minecraft:magma_cream":1,"minecraft:andesite":3,"minecraft:birch_slab":2,"minecraft:water_bucket":2,"minecraft:jungle_log":1507,"minecraft:potato":44,"minecraft:tuff":1,"minecraft:lapis_lazuli":110,"minecraft:dirt":542,"minecraft:glass":10,"minecraft:bone":21,"minecraft:bow":2,"minecraft:orange_tulip":2,"minecraft:wheat_seeds":452,"minecraft:guster_banner_pattern":1,"minecraft:diamond_helmet":1,"minecraft:glowstone_dust":92,"minecraft:bamboo":743,"minecraft:stone_hoe":4,"minecraft:oak_planks":18,"minecraft:cooked_porkchop":16,"minecraft:jungle_planks":14,"minecraft:sand":106,"minecraft:quartz_bricks":213,"minecraft:diamond":9,"minecraft:crossbow":14,"minecraft:granite":3,"minecraft:bone_meal":86,"minecraft:emerald":83,"minecraft:chainmail_helmet":8,"minecraft:oak_sapling":26,"minecraft:light_gray_carpet":4,"minecraft:netherrack":1229,"minecraft:oak_leaves":73,"minecraft:crimson_roots":5,"minecraft:diamond_pickaxe":4,"minecraft:crafting_table":2,"minecraft:azure_bluet":1,"minecraft:chicken":97,"minecraft:chest_minecart":1,"minecraft:wooden_pickaxe":2,"minecraft:gold_block":1,"minecraft:shield":6,"minecraft:moss_carpet":1,"minecraft:white_carpet":101,"minecraft:quartz_slab":44,"minecraft:glass_pane":101,"minecraft:blackstone":3,"minecraft:detector_rail":4,"minecraft:oak_boat":7,"minecraft:jungle_sapling":120,"minecraft:poppy":18,"minecraft:minecart":1,"minecraft:light_gray_wool":7,"minecraft:chest":4,"minecraft:sugar_cane":70,"minecraft:phantom_membrane":2,"minecraft:diamond_hoe":1,"minecraft:egg":2566,"minecraft:bowl":2,"minecraft:cookie":54,"minecraft:carrot":1,"minecraft:redstone":19,"minecraft:diamond_chestplate":1,"minecraft:arrow":333,"minecraft:beetroot_seeds":6,"minecraft:pumpkin_pie":21,"minecraft:nether_bricks":6,"minecraft:shears":2,"minecraft:diamond_boots":2,"minecraft:mutton":36,"minecraft:white_wool":22,"minecraft:rail":128,"minecraft:oxeye_daisy":1,"minecraft:basalt":72,"minecraft:golden_carrot":36,"minecraft:leather":3,"minecraft:jungle_fence":2,"minecraft:birch_planks":1,"minecraft:crimson_fungus":1,"minecraft:oak_log":68,"minecraft:lily_pad":41,"minecraft:ancient_debris":1,"minecraft:jungle_button":2,"minecraft:yellow_bed":1,"minecraft:gunpowder":7,"minecraft:white_banner":1,"minecraft:cooked_mutton":7,"minecraft:oak_fence_gate":3,"minecraft:iron_ingot":11,"minecraft:stone_pickaxe":8,"minecraft:cooked_chicken":384,"minecraft:stripped_oak_wood":1,"minecraft:iron_sword":3,"minecraft:book":22,"minecraft:pumpkin":1,"minecraft:red_wool":2,"minecraft:quartz":1358,"minecraft:dandelion":12,"minecraft:gravel":1,"minecraft:amethyst_shard":3,"minecraft:blast_furnace":2,"minecraft:white_bed":4,"minecraft:spider_eye":4,"minecraft:pumpkin_seeds":16,"minecraft:stone_axe":4,"minecraft:chainmail_leggings":2,"minecraft:diamond_axe":5,"minecraft:oak_button":3,"minecraft:baked_potato":33,"minecraft:coal":59,"minecraft:hopper":1,"minecraft:ender_pearl":1}},"DataVersion":3953}