{"stats":{"minecraft:custom":{"minecraft:animals_bred":137,"minecraft:interact_with_crafting_table":61,"minecraft:open_barrel":5,"minecraft:bell_ring":17,"minecraft:leave_game":6,"minecraft:time_since_death":712266,"minecraft:sprint_one_cm":2154180,"minecraft:damage_blocked_by_shield":1222,"minecraft:drop":211,"minecraft:talked_to_villager":249,"minecraft:play_time":834320,"minecraft:deaths":14,"minecraft:jump":16855,"minecraft:interact_with_brewingstand":3,"minecraft:walk_on_water_one_cm":60924,"minecraft:enchant_item":23,"minecraft:interact_with_furnace":38,"minecraft:traded_with_villager":959,"minecraft:sleep_in_bed":28,"minecraft:damage_dealt":21448,"minecraft:player_kills":1,"minecraft:crouch_one_cm":101117,"minecraft:horse_one_cm":60,"minecraft:interact_with_smithing_table":5,"minecraft:mob_kills":583,"minecraft:interact_with_anvil":14,"minecraft:inspect_hopper":25,"minecraft:climb_one_cm":29196,"minecraft:walk_one_cm":2991435,"minecraft:sneak_time":33104,"minecraft:walk_under_water_one_cm":35416,"minecraft:boat_one_cm":463098,"minecraft:interact_with_blast_furnace":9,"minecraft:total_world_time":834320,"minecraft:interact_with_grindstone":19,"minecraft:time_since_rest":57537,"minecraft:damage_taken":11134,"minecraft:swim_one_cm":16573,"minecraft:fly_one_cm":3439208,"minecraft:open_chest":447,"minecraft:fall_one_cm":466644},"minecraft:mined":{"minecraft:white_bed":3,"minecraft:oak_sapling":1,"minecraft:jungle_leaves":322,"minecraft:obsidian":1,"minecraft:grass_block":126,"minecraft:jungle_log":1472,"minecraft:hopper":1,"minecraft:oxeye_daisy":1,"minecraft:tall_seagrass":3,"minecraft:magma_block":4,"minecraft:glowstone":9,"minecraft:cobbled_deepslate":9,"minecraft:fire":3,"minecraft:pumpkin":1,"minecraft:moss_carpet":1,"minecraft:azure_bluet":1,"minecraft:dirt_path":25,"minecraft:oak_stairs":1,"minecraft:tripwire":9,"minecraft:deepslate_redstone_ore":1,"minecraft:quartz_block":2,"minecraft:blackstone":8,"minecraft:crimson_nylium":8,"minecraft:soul_fire":9,"minecraft:torch":5,"minecraft:blast_furnace":1,"minecraft:poppy":2,"minecraft:chest":1,"minecraft:nether_quartz_ore":218,"minecraft:cobblestone":5,"minecraft:sugar_cane":39,"minecraft:oak_planks":16,"minecraft:wall_torch":5,"minecraft:amethyst_block":10,"minecraft:wheat":137,"minecraft:pumpkin_stem":3,"minecraft:orange_tulip":1,"minecraft:oak_log":55,"minecraft:oak_fence_gate":2,"minecraft:sand":21,"minecraft:dirt":205,"minecraft:netherrack":341,"minecraft:oak_leaves":61,"minecraft:deepslate":20,"minecraft:nether_gold_ore":72,"minecraft:deepslate_diamond_ore":6,"minecraft:oak_door":1,"minecraft:mangrove_roots":2,"minecraft:glow_lichen":1,"minecraft:nether_bricks":9,"minecraft:jungle_planks":14,"minecraft:crimson_roots":1,"minecraft:mangrove_propagule":1,"minecraft:jungle_sapling":14,"minecraft:andesite":1,"minecraft:gold_block":1,"minecraft:nether_brick_fence":7,"minecraft:bookshelf":7,"minecraft:potatoes":2,"minecraft:vine":202,"minecraft:rail":30,"minecraft:bamboo_sapling":1,"minecraft:bamboo":89,"minecraft:stone":99,"minecraft:white_tulip":1,"minecraft:white_wool":4,"minecraft:light_gray_carpet":1,"minecraft:glass_pane":1,"minecraft:basalt":78,"minecraft:dandelion":12,"minecraft:oak_fence":44,"minecraft:crafting_table":2,"minecraft:cornflower":1,"minecraft:short_grass":1188,"minecraft:warped_roots":1,"minecraft:tall_grass":52,"minecraft:copper_ore":13,"minecraft:quartz_bricks":6,"minecraft:diorite":10,"minecraft:birch_planks":1,"minecraft:jungle_fence":1,"minecraft:yellow_bed":1,"minecraft:coal_ore":30,"minecraft:cobweb":11,"minecraft:fern":1},"minecraft:crafted":{"minecraft:oak_planks":220,"minecraft:quartz_bricks":120,"minecraft:cooked_chicken":68,"minecraft:bookshelf":7,"minecraft:cooked_mutton":9,"minecraft:quartz_block":67,"minecraft:hopper":10,"minecraft:diamond_helmet":1,"minecraft:diamond_leggings":1,"minecraft:bow":1,"minecraft:chest":18,"minecraft:quartz_stairs":12,"minecraft:emerald":904,"minecraft:arrow":192,"minecraft:diamond_axe":1,"minecraft:crafting_table":4,"minecraft:wooden_pickaxe":2,"minecraft:baked_potato":7,"minecraft:diamond_pickaxe":2,"minecraft:stick":11907,"minecraft:iron_pickaxe":1,"minecraft:iron_block":9,"minecraft:gold_ingot":9,"minecraft:golden_carrot":36,"minecraft:wooden_sword":1,"minecraft:bone_meal":39,"minecraft:white_carpet":96,"minecraft:ladder":3,"minecraft:diamond_boots":1,"minecraft:jungle_fence":3,"minecraft:coal_block":9,"minecraft:diamond_sword":1,"minecraft:iron_sword":2,"minecraft:bucket":1,"minecraft:stone_axe":1,"minecraft:enchanted_book":16,"minecraft:air":0,"minecraft:jungle_planks":5678,"minecraft:oak_boat":1,"minecraft:anvil":3,"minecraft:white_bed":19,"minecraft:torch":92,"minecraft:diamond_chestplate":1},"minecraft:killed":{"minecraft:cave_spider":1,"minecraft:zombified_piglin":2,"minecraft:witch":2,"minecraft:spider":12,"minecraft:skeleton":16,"minecraft:chicken":293,"minecraft:magma_cube":14,"minecraft:piglin":6,"minecraft:pig":3,"minecraft:iron_golem":2,"minecraft:creeper":6,"minecraft:sheep":7,"minecraft:trader_llama":1,"minecraft:zombie":28,"minecraft:ghast":1,"minecraft:blaze":2,"minecraft:drowned":1,"minecraft:wandering_trader":1,"minecraft:hoglin":1,"minecraft:wither_skeleton":8,"minecraft:villager":1},"minecraft:dropped":{"minecraft:diamond_axe":2,"minecraft:lapis_lazuli":26,"minecraft:diamond":6,"minecraft:leather":1,"minecraft:jungle_planks":152,"minecraft:rail":30,"minecraft:emerald":4,"minecraft:dirt":6,"minecraft:crimson_roots":5,"minecraft:gold_nugget":320,"minecraft:amethyst_shard":3,"minecraft:gold_ingot":11,"minecraft:bone":7,"minecraft:ancient_debris":1,"minecraft:mangrove_roots":2,"minecraft:cooked_chicken":108,"minecraft:wheat":11,"minecraft:rotten_flesh":20,"minecraft:glowstone_dust":9,"minecraft:poppy":1,"minecraft:gunpowder":4,"minecraft:jungle_log":23,"minecraft:basalt":2,"minecraft:quartz":192,"minecraft:enchanted_book":1,"minecraft:iron_ingot":8,"minecraft:wheat_seeds":23,"minecraft:lead":3,"minecraft:apple":1,"minecraft:coal":7,"minecraft:coal_block":2,"minecraft:torch":1,"minecraft:string":662,"minecraft:lily_pad":40,"minecraft:dandelion":2,"minecraft:redstone":6,"minecraft:raw_copper":79,"minecraft:tuff":1,"minecraft:diamond_hoe":1,"minecraft:iron_boots":1,"minecraft:nether_bricks":6,"minecraft:pumpkin_seeds":5,"minecraft:blast_furnace":1,"minecraft:diamond_sword":3,"minecraft:potato":8,"minecraft:iron_chestplate":1,"minecraft:diamond_pickaxe":4,"minecraft:spider_eye":1,"minecraft:bamboo":1,"minecraft:magma_block":2},"minecraft:used":{"minecraft:nether_brick_fence":7,"minecraft:moss_carpet":1,"minecraft:ladder":3,"minecraft:poppy":3,"minecraft:chest":9,"minecraft:shield":31,"minecraft:white_terracotta":1,"minecraft:iron_sword":304,"minecraft:quartz_stairs":12,"minecraft:rotten_flesh":2,"minecraft:iron_chestplate":3,"minecraft:jungle_planks":14,"minecraft:carrot":43,"minecraft:azure_bluet":1,"minecraft:jungle_sapling":128,"minecraft:lava_bucket":8,"minecraft:quartz_block":30,"minecraft:magma_block":2,"minecraft:bow":186,"minecraft:oak_sapling":10,"minecraft:beetroot_seeds":3,"minecraft:egg":2524,"minecraft:potato":2,"minecraft:diorite":10,"minecraft:oak_planks":38,"minecraft:jungle_fence":3,"minecraft:orange_tulip":1,"minecraft:blackstone":3,"minecraft:wooden_pickaxe":24,"minecraft:diamond_axe":1986,"minecraft:cookie":54,"minecraft:white_wool":5,"minecraft:sand":11,"minecraft:blast_furnace":1,"minecraft:pumpkin_seeds":7,"minecraft:melon_slice":18,"minecraft:string":9,"minecraft:diamond_sword":160,"minecraft:wooden_sword":52,"minecraft:stripped_oak_wood":1,"minecraft:andesite":4,"minecraft:oak_boat":7,"minecraft:bone_meal":173,"minecraft:oak_fence":49,"minecraft:light_gray_carpet":4,"minecraft:cooked_chicken":88,"minecraft:netherrack":263,"minecraft:torch":21,"minecraft:dirt":483,"minecraft:anvil":3,"minecraft:white_carpet":1,"minecraft:hopper":11,"minecraft:oak_fence_gate":2,"minecraft:bookshelf":7,"minecraft:oak_stairs":1,"minecraft:jungle_log":39,"minecraft:iron_boots":3,"minecraft:bamboo":38,"minecraft:basalt":69,"minecraft:glowstone":12,"minecraft:golden_carrot":33,"minecraft:cobbled_deepslate":30,"minecraft:pumpkin":1,"minecraft:quartz_bricks":123,"minecraft:wheat_seeds":96,"minecraft:cooked_mutton":9,"minecraft:water_bucket":18,"minecraft:amethyst_block":8,"minecraft:baked_potato":22,"minecraft:blue_wool":1,"minecraft:crafting_table":6,"minecraft:white_bed":22,"minecraft:diamond_pickaxe":835,"minecraft:apple":5,"minecraft:oxeye_daisy":1,"minecraft:iron_pickaxe":180,"minecraft:stone_axe":131,"minecraft:crimson_fungus":1,"minecraft:cobblestone":83,"minecraft:porkchop":5,"minecraft:bucket":27,"minecraft:dandelion":9},"minecraft:broken":{"minecraft:stone_axe":1,"minecraft:bow":1},"minecraft:killed_by":{"minecraft:cave_spider":1,"minecraft:zombie":3,"minecraft:player":1,"minecraft:enderman":3,"minecraft:iron_golem":4},"minecraft:picked_up":{"minecraft:iron_chestplate":4,"minecraft:wheat":89,"minecraft:chainmail_boots":1,"minecraft:nether_brick_fence":7,"minecraft:suspicious_stew":1,"minecraft:lead":2,"minecraft:diamond_sword":3,"minecraft:oak_stairs":1,"minecraft:potion":1,"minecraft:enchanted_book":3,"minecraft:amethyst_block":8,"minecraft:string":9963,"minecraft:raw_copper":92,"minecraft:activator_rail":4,"minecraft:gold_nugget":310,"minecraft:cobbled_deepslate":33,"minecraft:bucket":2,"minecraft:iron_pickaxe":3,"minecraft:coal_block":3,"minecraft:melon_slice":18,"minecraft:iron_boots":10,"minecraft:blue_wool":1,"minecraft:stick":219,"minecraft:oak_fence":53,"minecraft:torch":25,"minecraft:porkchop":6,"minecraft:diorite":10,"minecraft:quartz_block":1,"minecraft:stone_sword":1,"minecraft:rotten_flesh":33,"minecraft:honey_bottle":3,"minecraft:mangrove_roots":2,"minecraft:blaze_rod":1,"minecraft:obsidian":1,"minecraft:cobblestone":119,"minecraft:magma_block":4,"minecraft:feather":431,"minecraft:magma_cream":1,"minecraft:andesite":3,"minecraft:birch_slab":2,"minecraft:water_bucket":1,"minecraft:jungle_log":1482,"minecraft:potato":31,"minecraft:tuff":1,"minecraft:lapis_lazuli":32,"minecraft:dirt":489,"minecraft:bone":21,"minecraft:bow":1,"minecraft:orange_tulip":1,"minecraft:wheat_seeds":452,"minecraft:guster_banner_pattern":1,"minecraft:glowstone_dust":16,"minecraft:bamboo":743,"minecraft:stone_hoe":4,"minecraft:oak_planks":18,"minecraft:jungle_planks":14,"minecraft:sand":26,"minecraft:quartz_bricks":3,"minecraft:diamond":9,"minecraft:crossbow":14,"minecraft:granite":3,"minecraft:bone_meal":86,"minecraft:emerald":1,"minecraft:chainmail_helmet":8,"minecraft:oak_sapling":26,"minecraft:light_gray_carpet":4,"minecraft:netherrack":302,"minecraft:crimson_roots":5,"minecraft:diamond_pickaxe":3,"minecraft:crafting_table":2,"minecraft:azure_bluet":1,"minecraft:chicken":97,"minecraft:chest_minecart":1,"minecraft:wooden_pickaxe":2,"minecraft:gold_block":1,"minecraft:shield":5,"minecraft:moss_carpet":1,"minecraft:blackstone":3,"minecraft:detector_rail":4,"minecraft:oak_boat":7,"minecraft:jungle_sapling":120,"minecraft:poppy":18,"minecraft:light_gray_wool":3,"minecraft:chest":3,"minecraft:sugar_cane":70,"minecraft:phantom_membrane":2,"minecraft:diamond_hoe":1,"minecraft:egg":2566,"minecraft:bowl":2,"minecraft:cookie":54,"minecraft:carrot":1,"minecraft:redstone":19,"minecraft:arrow":186,"minecraft:beetroot_seeds":6,"minecraft:pumpkin_pie":21,"minecraft:nether_bricks":6,"minecraft:shears":2,"minecraft:mutton":36,"minecraft:white_wool":22,"minecraft:rail":88,"minecraft:oxeye_daisy":1,"minecraft:basalt":72,"minecraft:leather":3,"minecraft:jungle_fence":1,"minecraft:birch_planks":1,"minecraft:crimson_fungus":1,"minecraft:oak_log":57,"minecraft:lily_pad":41,"minecraft:ancient_debris":1,"minecraft:jungle_button":2,"minecraft:yellow_bed":1,"minecraft:gunpowder":7,"minecraft:white_banner":1,"minecraft:cooked_mutton":7,"minecraft:oak_fence_gate":2,"minecraft:iron_ingot":11,"minecraft:stone_pickaxe":8,"minecraft:cooked_chicken":322,"minecraft:stripped_oak_wood":1,"minecraft:iron_sword":3,"minecraft:book":21,"minecraft:pumpkin":1,"minecraft:quartz":391,"minecraft:dandelion":11,"minecraft:gravel":1,"minecraft:amethyst_shard":3,"minecraft:blast_furnace":2,"minecraft:white_bed":4,"minecraft:spider_eye":4,"minecraft:pumpkin_seeds":16,"minecraft:stone_axe":4,"minecraft:chainmail_leggings":2,"minecraft:diamond_axe":4,"minecraft:oak_button":3,"minecraft:baked_potato":33,"minecraft:coal":59,"minecraft:hopper":1,"minecraft:ender_pearl":1}},"DataVersion":3953}