{"stats":{"minecraft:killed":{"minecraft:spider":5,"minecraft:skeleton":15,"minecraft:chicken":1,"minecraft:piglin":2,"minecraft:zombie_villager":2,"minecraft:creeper":4,"minecraft:zombie":32,"minecraft:ghast":1,"minecraft:cow":2,"minecraft:blaze":8,"minecraft:hoglin":3,"minecraft:wither_skeleton":1,"minecraft:villager":1,"minecraft:enderman":1},"minecraft:used":{"minecraft:moss_block":1,"minecraft:iron_shovel":702,"minecraft:diamond_hoe":765,"minecraft:chest":2,"minecraft:shield":1,"minecraft:bell":2,"minecraft:rotten_flesh":1,"minecraft:jungle_planks":5,"minecraft:nether_bricks":20,"minecraft:carrot":6,"minecraft:tuff":3,"minecraft:obsidian":17,"minecraft:birch_trapdoor":4,"minecraft:bow":9,"minecraft:furnace":6,"minecraft:oak_sapling":41,"minecraft:potato":262,"minecraft:diorite":8,"minecraft:stone_pickaxe":104,"minecraft:mangrove_planks":12,"minecraft:wooden_pickaxe":50,"minecraft:composter":5,"minecraft:diamond_axe":635,"minecraft:cookie":11,"minecraft:glow_berries":142,"minecraft:sand":4,"minecraft:string":1,"minecraft:bread":59,"minecraft:melon_slice":90,"minecraft:gravel":52,"minecraft:diamond_sword":284,"minecraft:andesite":3,"minecraft:bone_meal":18,"minecraft:oak_trapdoor":6,"minecraft:flint_and_steel":2,"minecraft:netherrack":91,"minecraft:torch":94,"minecraft:spyglass":51,"minecraft:dirt":720,"minecraft:granite":6,"minecraft:oak_fence_gate":3,"minecraft:iron_axe":26,"minecraft:rooted_dirt":6,"minecraft:bamboo":3,"minecraft:minecart":2,"minecraft:cooked_beef":4,"minecraft:cobbled_deepslate":262,"minecraft:wheat_seeds":41,"minecraft:water_bucket":16,"minecraft:birch_boat":2,"minecraft:fletching_table":7,"minecraft:rail":147,"minecraft:crafting_table":10,"minecraft:oak_log":12,"minecraft:diamond_pickaxe":1048,"minecraft:suspicious_stew":2,"minecraft:iron_pickaxe":244,"minecraft:cobblestone":109,"minecraft:bucket":17,"minecraft:yellow_bed":1},"minecraft:mined":{"minecraft:oak_sapling":20,"minecraft:jungle_leaves":73,"minecraft:obsidian":18,"minecraft:cave_vines_plant":110,"minecraft:granite":7,"minecraft:grass_block":34,"minecraft:jungle_log":140,"minecraft:composter":3,"minecraft:iron_ore":44,"minecraft:cobbled_deepslate":9,"minecraft:fire":36,"minecraft:moss_carpet":2,"minecraft:fletching_table":5,"minecraft:deepslate_lapis_ore":11,"minecraft:azure_bluet":1,"minecraft:cave_vines":98,"minecraft:dirt_path":7,"minecraft:azalea_leaves":1,"minecraft:azalea":2,"minecraft:tripwire":1,"minecraft:deepslate_redstone_ore":38,"minecraft:crimson_nylium":3,"minecraft:clay":4,"minecraft:torch":28,"minecraft:blast_furnace":1,"minecraft:poppy":1,"minecraft:melon":25,"minecraft:nether_quartz_ore":35,"minecraft:cobblestone":28,"minecraft:oak_planks":3,"minecraft:wall_torch":33,"minecraft:warped_nylium":14,"minecraft:wheat":25,"minecraft:birch_trapdoor":3,"minecraft:oak_log":309,"minecraft:oak_fence_gate":2,"minecraft:sand":7,"minecraft:dirt":689,"minecraft:mangrove_log":20,"minecraft:netherrack":147,"minecraft:oak_leaves":533,"minecraft:deepslate":268,"minecraft:nether_gold_ore":2,"minecraft:tuff":6,"minecraft:deepslate_diamond_ore":77,"minecraft:mangrove_roots":1,"minecraft:nether_bricks":58,"minecraft:crimson_roots":1,"minecraft:moss_block":13,"minecraft:sandstone":12,"minecraft:rooted_dirt":6,"minecraft:hay_block":34,"minecraft:oak_trapdoor":6,"minecraft:furnace":4,"minecraft:carrots":6,"minecraft:andesite":3,"minecraft:bell":2,"minecraft:potatoes":171,"minecraft:deepslate_iron_ore":62,"minecraft:vine":27,"minecraft:rail":123,"minecraft:bamboo":12,"minecraft:stone":295,"minecraft:jungle_fence_gate":2,"minecraft:basalt":1,"minecraft:crafting_table":5,"minecraft:short_grass":239,"minecraft:warped_roots":1,"minecraft:tall_grass":21,"minecraft:copper_ore":2,"minecraft:diorite":6,"minecraft:birch_planks":2,"minecraft:mangrove_leaves":8,"minecraft:yellow_bed":1,"minecraft:coal_ore":100,"minecraft:gravel":34,"minecraft:fern":9},"minecraft:broken":{"minecraft:iron_shovel":2,"minecraft:stone_pickaxe":1,"minecraft:iron_axe":1},"minecraft:crafted":{"minecraft:oak_planks":1184,"minecraft:blaze_powder":6,"minecraft:birch_slab":12,"minecraft:suspicious_stew":6,"minecraft:diamond_helmet":1,"minecraft:diamond_leggings":1,"minecraft:bow":15,"minecraft:iron_boots":1,"minecraft:chest":2,"minecraft:oak_slab":12,"minecraft:arrow":48,"minecraft:emerald":155,"minecraft:diamond_axe":1,"minecraft:crafting_table":5,"minecraft:wooden_pickaxe":1,"minecraft:iron_helmet":1,"minecraft:fletching_table":2,"minecraft:apple":44,"minecraft:iron_chestplate":1,"minecraft:diamond_pickaxe":1,"minecraft:shield":1,"minecraft:stick":3335,"minecraft:iron_pickaxe":2,"minecraft:iron_ingot":72,"minecraft:composter":2,"minecraft:golden_carrot":12,"minecraft:cookie":162,"minecraft:diamond_hoe":1,"minecraft:furnace":2,"minecraft:piston":18,"minecraft:bone_meal":18,"minecraft:oak_trapdoor":6,"minecraft:flint_and_steel":1,"minecraft:stone_pickaxe":1,"minecraft:diamond_boots":1,"minecraft:minecart":1,"minecraft:wheat":306,"minecraft:cooked_beef":8,"minecraft:crossbow":15,"minecraft:diamond_sword":1,"minecraft:mangrove_planks":80,"minecraft:bucket":1,"minecraft:bread":198,"minecraft:air":0,"minecraft:jungle_planks":552,"minecraft:oak_fence_gate":1,"minecraft:iron_shovel":3,"minecraft:iron_leggings":1,"minecraft:torch":40,"minecraft:diamond_chestplate":1},"minecraft:custom":{"minecraft:interact_with_crafting_table":59,"minecraft:bell_ring":31,"minecraft:leave_game":5,"minecraft:time_since_death":18255,"minecraft:sprint_one_cm":1396723,"minecraft:damage_blocked_by_shield":30,"minecraft:drop":306,"minecraft:talked_to_villager":124,"minecraft:play_time":382640,"minecraft:deaths":6,"minecraft:jump":7149,"minecraft:walk_on_water_one_cm":30393,"minecraft:interact_with_furnace":31,"minecraft:traded_with_villager":234,"minecraft:sleep_in_bed":15,"minecraft:damage_dealt":16856,"minecraft:player_kills":1,"minecraft:crouch_one_cm":42693,"minecraft:mob_kills":82,"minecraft:interact_with_anvil":3,"minecraft:climb_one_cm":10918,"minecraft:walk_one_cm":1109942,"minecraft:sneak_time":12963,"minecraft:walk_under_water_one_cm":12830,"minecraft:boat_one_cm":4093,"minecraft:interact_with_blast_furnace":1,"minecraft:total_world_time":382640,"minecraft:time_since_rest":6172,"minecraft:damage_taken":5576,"minecraft:swim_one_cm":27970,"minecraft:fly_one_cm":1221570,"minecraft:open_chest":52,"minecraft:fall_one_cm":179879},"minecraft:killed_by":{"minecraft:zombie":2,"minecraft:skeleton":3},"minecraft:picked_up":{"minecraft:wheat":2,"minecraft:diamond_sword":2,"minecraft:string":996,"minecraft:raw_copper":10,"minecraft:activator_rail":4,"minecraft:gold_nugget":8,"minecraft:cobbled_deepslate":265,"minecraft:azalea":2,"minecraft:iron_pickaxe":1,"minecraft:melon_slice":180,"minecraft:mangrove_log":20,"minecraft:furnace":4,"minecraft:stick":28,"minecraft:composter":3,"minecraft:birch_trapdoor":7,"minecraft:torch":64,"minecraft:porkchop":2,"minecraft:diorite":8,"minecraft:rotten_flesh":37,"minecraft:mangrove_roots":1,"minecraft:blaze_rod":3,"minecraft:obsidian":17,"minecraft:cobblestone":333,"minecraft:cooked_beef":2,"minecraft:feather":1,"minecraft:andesite":3,"minecraft:jungle_log":138,"minecraft:potato":422,"minecraft:flint":5,"minecraft:tuff":5,"minecraft:lapis_lazuli":67,"minecraft:dirt":735,"minecraft:bone":14,"minecraft:wheat_seeds":93,"minecraft:bell":2,"minecraft:fletching_table":6,"minecraft:bamboo":140,"minecraft:moss_block":8,"minecraft:poisonous_potato":7,"minecraft:jungle_planks":25,"minecraft:sand":8,"minecraft:diamond":78,"minecraft:crossbow":6,"minecraft:granite":13,"minecraft:emerald":35,"minecraft:rooted_dirt":6,"minecraft:oak_sapling":55,"minecraft:netherrack":193,"minecraft:crimson_roots":2,"minecraft:diamond_pickaxe":1,"minecraft:crafting_table":5,"minecraft:azure_bluet":1,"minecraft:chicken":1,"minecraft:clay_ball":16,"minecraft:iron_axe":1,"minecraft:oak_trapdoor":6,"minecraft:moss_carpet":6,"minecraft:beef":3,"minecraft:jungle_sapling":5,"minecraft:poppy":1,"minecraft:minecart":2,"minecraft:sugar_cane":5,"minecraft:diamond_hoe":1,"minecraft:raw_iron":105,"minecraft:sandstone":9,"minecraft:bowl":4,"minecraft:jungle_fence_gate":2,"minecraft:carrot":6,"minecraft:redstone":155,"minecraft:arrow":8,"minecraft:nether_bricks":49,"minecraft:hay_block":34,"minecraft:saddle":1,"minecraft:glow_berries":162,"minecraft:mutton":1,"minecraft:rail":300,"minecraft:basalt":1,"minecraft:leather":4,"minecraft:birch_planks":2,"minecraft:crimson_fungus":1,"minecraft:oak_log":308,"minecraft:yellow_bed":1,"minecraft:gunpowder":3,"minecraft:apple":3,"minecraft:oak_fence_gate":2,"minecraft:iron_ingot":11,"minecraft:mangrove_planks":47,"minecraft:iron_sword":1,"minecraft:warped_fungus":4,"minecraft:birch_boat":3,"minecraft:quartz":38,"minecraft:dandelion":1,"minecraft:spyglass":1,"minecraft:gravel":62,"minecraft:spider_eye":1,"minecraft:diamond_axe":1,"minecraft:warped_roots":2,"minecraft:coal":138,"minecraft:mangrove_propagule":5},"minecraft:dropped":{"minecraft:moss_block":7,"minecraft:lapis_lazuli":3,"minecraft:warped_fungus":4,"minecraft:cooked_beef":1,"minecraft:diamond":1,"minecraft:crossbow":21,"minecraft:cookie":108,"minecraft:glow_berries":20,"minecraft:warped_roots":2,"minecraft:leather":3,"minecraft:fletching_table":1,"minecraft:mangrove_planks":53,"minecraft:rail":167,"minecraft:birch_slab":5,"minecraft:emerald":13,"minecraft:dirt":15,"minecraft:mutton":1,"minecraft:crimson_roots":2,"minecraft:jungle_sapling":2,"minecraft:gold_nugget":8,"minecraft:sand":4,"minecraft:iron_pickaxe":3,"minecraft:bone":6,"minecraft:gravel":10,"minecraft:crimson_fungus":1,"minecraft:sugar_cane":5,"minecraft:mangrove_roots":1,"minecraft:cobbled_deepslate":3,"minecraft:wheat":2,"minecraft:rotten_flesh":36,"minecraft:azure_bluet":1,"minecraft:poppy":1,"minecraft:gunpowder":2,"minecraft:birch_trapdoor":3,"minecraft:azalea":2,"minecraft:basalt":1,"minecraft:arrow":4,"minecraft:quartz":3,"minecraft:netherrack":64,"minecraft:iron_ingot":2,"minecraft:bread":77,"minecraft:oak_slab":5,"minecraft:wheat_seeds":46,"minecraft:poisonous_potato":7,"minecraft:mangrove_propagule":5,"minecraft:feather":1,"minecraft:iron_helmet":1,"minecraft:cobblestone":8,"minecraft:granite":7,"minecraft:activator_rail":4,"minecraft:coal":2,"minecraft:melon_slice":90,"minecraft:iron_leggings":1,"minecraft:dandelion":1,"minecraft:redstone":64,"minecraft:moss_carpet":6,"minecraft:oak_trapdoor":6,"minecraft:jungle_fence_gate":2,"minecraft:raw_copper":10,"minecraft:bowl":4,"minecraft:tuff":2,"minecraft:diamond_hoe":1,"minecraft:chicken":1,"minecraft:clay_ball":16,"minecraft:iron_boots":1,"minecraft:nether_bricks":29,"minecraft:suspicious_stew":4,"minecraft:flint_and_steel":1,"minecraft:potato":61,"minecraft:iron_chestplate":1,"minecraft:diamond_pickaxe":1,"minecraft:spider_eye":1,"minecraft:bamboo":58,"minecraft:sandstone":9,"minecraft:bow":14}},"DataVersion":3953}