{"stats":{"minecraft:custom":{"minecraft:animals_bred":3,"minecraft:interact_with_crafting_table":112,"minecraft:open_barrel":22,"minecraft:bell_ring":78,"minecraft:leave_game":14,"minecraft:time_since_death":345691,"minecraft:sprint_one_cm":3203346,"minecraft:damage_blocked_by_shield":30,"minecraft:drop":694,"minecraft:talked_to_villager":420,"minecraft:play_time":898947,"minecraft:deaths":8,"minecraft:jump":18103,"minecraft:walk_on_water_one_cm":108848,"minecraft:interact_with_furnace":52,"minecraft:traded_with_villager":1286,"minecraft:sleep_in_bed":33,"minecraft:damage_dealt":34105,"minecraft:player_kills":1,"minecraft:crouch_one_cm":75280,"minecraft:horse_one_cm":32554,"minecraft:interact_with_anvil":9,"minecraft:mob_kills":179,"minecraft:inspect_hopper":14,"minecraft:climb_one_cm":29634,"minecraft:walk_one_cm":2573032,"minecraft:sneak_time":23580,"minecraft:walk_under_water_one_cm":53194,"minecraft:boat_one_cm":4093,"minecraft:interact_with_blast_furnace":3,"minecraft:total_world_time":898947,"minecraft:time_since_rest":3245,"minecraft:damage_taken":11056,"minecraft:minecart_one_cm":1733,"minecraft:swim_one_cm":108875,"minecraft:fly_one_cm":3256271,"minecraft:open_chest":274,"minecraft:fall_one_cm":445810},"minecraft:crafted":{"minecraft:oak_planks":1524,"minecraft:chainmail_helmet":9,"minecraft:oak_sign":3,"minecraft:blaze_powder":6,"minecraft:birch_slab":12,"minecraft:stone":85,"minecraft:cobblestone_stairs":12,"minecraft:diamond_shovel":2,"minecraft:bookshelf":7,"minecraft:suspicious_stew":6,"minecraft:glass":160,"minecraft:hopper":1,"minecraft:diamond_helmet":2,"minecraft:repeater":10,"minecraft:bow":64,"minecraft:diamond_leggings":3,"minecraft:iron_boots":2,"minecraft:chest":9,"minecraft:oak_slab":12,"minecraft:emerald":1001,"minecraft:arrow":720,"minecraft:diamond_axe":2,"minecraft:crafting_table":7,"minecraft:wooden_pickaxe":1,"minecraft:iron_helmet":12,"minecraft:smithing_table":1,"minecraft:fletching_table":10,"minecraft:apple":44,"minecraft:iron_chestplate":2,"minecraft:diamond_pickaxe":3,"minecraft:shield":9,"minecraft:stick":4661,"minecraft:iron_ingot":72,"minecraft:iron_pickaxe":2,"minecraft:redstone_torch":24,"minecraft:composter":2,"minecraft:golden_carrot":114,"minecraft:cookie":162,"minecraft:redstone":27,"minecraft:diamond_hoe":2,"minecraft:furnace":2,"minecraft:piston":54,"minecraft:jungle_trapdoor":4,"minecraft:bone_meal":183,"minecraft:oak_trapdoor":6,"minecraft:flint_and_steel":1,"minecraft:lantern":12,"minecraft:ladder":24,"minecraft:stone_pickaxe":1,"minecraft:diamond_boots":3,"minecraft:minecart":1,"minecraft:observer":36,"minecraft:wheat":306,"minecraft:cooked_beef":8,"minecraft:crossbow":15,"minecraft:diamond_sword":1,"minecraft:mangrove_planks":80,"minecraft:bucket":3,"minecraft:enchanted_book":6,"minecraft:bread":198,"minecraft:air":0,"minecraft:jungle_planks":1132,"minecraft:oak_fence_gate":1,"minecraft:white_wool":192,"minecraft:chainmail_boots":12,"minecraft:iron_shovel":3,"minecraft:iron_leggings":2,"minecraft:white_bed":17,"minecraft:torch":88,"minecraft:diamond_chestplate":2},"minecraft:mined":{"minecraft:oak_sapling":20,"minecraft:white_bed":36,"minecraft:cobblestone_stairs":1,"minecraft:jungle_leaves":132,"minecraft:obsidian":18,"minecraft:cave_vines_plant":110,"minecraft:granite":9,"minecraft:grass_block":140,"minecraft:jungle_log":329,"minecraft:composter":3,"minecraft:hopper":1,"minecraft:magma_block":1,"minecraft:iron_ore":44,"minecraft:cobbled_deepslate":19,"minecraft:fire":36,"minecraft:moss_carpet":2,"minecraft:deepslate_lapis_ore":12,"minecraft:fletching_table":13,"minecraft:azure_bluet":1,"minecraft:cave_vines":98,"minecraft:dirt_path":10,"minecraft:oak_stairs":2,"minecraft:azalea_leaves":1,"minecraft:azalea":2,"minecraft:tripwire":9,"minecraft:deepslate_redstone_ore":88,"minecraft:crimson_nylium":3,"minecraft:clay":4,"minecraft:torch":52,"minecraft:blast_furnace":2,"minecraft:poppy":2,"minecraft:melon":33,"minecraft:chest":3,"minecraft:glass":2,"minecraft:nether_quartz_ore":35,"minecraft:cobblestone":81,"minecraft:oak_planks":12,"minecraft:wall_torch":55,"minecraft:white_terracotta":8,"minecraft:repeater":2,"minecraft:warped_nylium":14,"minecraft:birch_log":14,"minecraft:wheat":25,"minecraft:birch_trapdoor":3,"minecraft:oak_log":398,"minecraft:oak_fence_gate":2,"minecraft:sand":146,"minecraft:dirt":2013,"minecraft:mangrove_log":20,"minecraft:netherrack":147,"minecraft:piston":8,"minecraft:oak_leaves":590,"minecraft:deepslate":633,"minecraft:nether_gold_ore":2,"minecraft:diamond_ore":2,"minecraft:tuff":36,"minecraft:deepslate_diamond_ore":166,"minecraft:oak_door":5,"minecraft:mangrove_roots":1,"minecraft:nether_bricks":58,"minecraft:glow_lichen":1,"minecraft:jungle_planks":28,"minecraft:crimson_roots":1,"minecraft:redstone_wire":28,"minecraft:rooted_dirt":6,"minecraft:moss_block":13,"minecraft:sandstone":12,"minecraft:hay_block":34,"minecraft:oak_trapdoor":6,"minecraft:furnace":4,"minecraft:carrots":6,"minecraft:andesite":8,"minecraft:bell":2,"minecraft:bookshelf":7,"minecraft:potatoes":352,"minecraft:deepslate_iron_ore":65,"minecraft:vine":56,"minecraft:rail":422,"minecraft:bamboo_sapling":2,"minecraft:bamboo":51,"minecraft:stone":1037,"minecraft:redstone_wall_torch":3,"minecraft:jungle_fence_gate":2,"minecraft:smithing_table":4,"minecraft:glass_pane":1,"minecraft:basalt":1,"minecraft:observer":4,"minecraft:dandelion":11,"minecraft:crafting_table":5,"minecraft:cornflower":1,"minecraft:short_grass":282,"minecraft:warped_roots":1,"minecraft:lectern":6,"minecraft:copper_ore":7,"minecraft:tall_grass":27,"minecraft:lapis_ore":10,"minecraft:diorite":6,"minecraft:birch_planks":2,"minecraft:redstone_torch":5,"minecraft:birch_leaves":84,"minecraft:mangrove_leaves":8,"minecraft:yellow_bed":4,"minecraft:coal_ore":150,"minecraft:gravel":266,"minecraft:fern":11},"minecraft:killed":{"minecraft:spider":15,"minecraft:skeleton":42,"minecraft:chicken":4,"minecraft:magma_cube":7,"minecraft:piglin":2,"minecraft:zombie_villager":3,"minecraft:iron_golem":10,"minecraft:creeper":10,"minecraft:zombie":57,"minecraft:ghast":2,"minecraft:blaze":8,"minecraft:cow":2,"minecraft:hoglin":3,"minecraft:wither_skeleton":1,"minecraft:villager":2,"minecraft:enderman":1},"minecraft:dropped":{"minecraft:moss_block":7,"minecraft:lapis_lazuli":114,"minecraft:diamond_axe":1,"minecraft:cooked_beef":1,"minecraft:warped_fungus":4,"minecraft:glow_ink_sac":3,"minecraft:diamond":1,"minecraft:crossbow":21,"minecraft:cookie":108,"minecraft:glow_berries":20,"minecraft:warped_roots":2,"minecraft:lantern":12,"minecraft:leather":3,"minecraft:fletching_table":1,"minecraft:jungle_planks":3,"minecraft:mangrove_planks":53,"minecraft:rail":167,"minecraft:birch_slab":6,"minecraft:flint":8,"minecraft:emerald":13,"minecraft:cyan_terracotta":1,"minecraft:packed_mud":5,"minecraft:dirt":237,"minecraft:cornflower":1,"minecraft:mutton":1,"minecraft:crimson_roots":2,"minecraft:jungle_sapling":5,"minecraft:gold_nugget":8,"minecraft:bone_meal":64,"minecraft:bone_block":5,"minecraft:sand":15,"minecraft:iron_pickaxe":3,"minecraft:birch_log":14,"minecraft:bone":15,"minecraft:oak_door":1,"minecraft:gravel":18,"minecraft:crimson_fungus":1,"minecraft:blackstone":1,"minecraft:sugar_cane":8,"minecraft:ancient_debris":1,"minecraft:mangrove_roots":1,"minecraft:cobbled_deepslate":53,"minecraft:wheat":2,"minecraft:birch_sapling":8,"minecraft:rotten_flesh":52,"minecraft:oak_planks":2,"minecraft:diamond_shovel":3,"minecraft:jungle_trapdoor":1,"minecraft:azure_bluet":1,"minecraft:carrot":1,"minecraft:poppy":453,"minecraft:gunpowder":2,"minecraft:birch_trapdoor":3,"minecraft:chainmail_boots":12,"minecraft:azalea":2,"minecraft:chest":1,"minecraft:basalt":1,"minecraft:arrow":267,"minecraft:glass":72,"minecraft:quartz":3,"minecraft:splash_potion":1,"minecraft:netherrack":64,"minecraft:egg":4,"minecraft:bread":77,"minecraft:stone_hoe":1,"minecraft:iron_ingot":130,"minecraft:oak_slab":5,"minecraft:wheat_seeds":51,"minecraft:poisonous_potato":11,"minecraft:mangrove_propagule":5,"minecraft:iron_helmet":12,"minecraft:feather":1,"minecraft:cobblestone":37,"minecraft:book":1,"minecraft:apple":47,"minecraft:granite":7,"minecraft:activator_rail":4,"minecraft:chainmail_helmet":9,"minecraft:coal":82,"minecraft:stick":3,"minecraft:torch":1,"minecraft:melon_slice":90,"minecraft:iron_leggings":3,"minecraft:oak_stairs":2,"minecraft:chainmail_leggings":1,"minecraft:string":618,"minecraft:redstone":132,"minecraft:dandelion":14,"minecraft:moss_carpet":6,"minecraft:oak_trapdoor":6,"minecraft:jungle_fence_gate":2,"minecraft:raw_copper":53,"minecraft:cocoa_beans":3,"minecraft:bowl":4,"minecraft:diamond_hoe":4,"minecraft:tuff":24,"minecraft:raw_iron":5,"minecraft:chicken":2,"minecraft:clay_ball":16,"minecraft:iron_boots":2,"minecraft:white_terracotta":7,"minecraft:nether_bricks":29,"minecraft:oak_sign":4,"minecraft:red_terracotta":1,"minecraft:pumpkin_seeds":2,"minecraft:suspicious_stew":4,"minecraft:flint_and_steel":1,"minecraft:potato":682,"minecraft:stone":6,"minecraft:mud_bricks":32,"minecraft:shield":7,"minecraft:diamond_pickaxe":3,"minecraft:iron_chestplate":2,"minecraft:andesite":9,"minecraft:oak_sapling":11,"minecraft:spider_eye":5,"minecraft:bamboo":61,"minecraft:sandstone":9,"minecraft:bow":67},"minecraft:used":{"minecraft:moss_block":1,"minecraft:iron_shovel":702,"minecraft:ladder":6,"minecraft:diamond_hoe":909,"minecraft:oak_sign":1,"minecraft:chest":10,"minecraft:shield":1,"minecraft:stone":49,"minecraft:bell":2,"minecraft:rotten_flesh":1,"minecraft:jungle_planks":18,"minecraft:nether_bricks":20,"minecraft:carrot":6,"minecraft:tuff":10,"minecraft:obsidian":17,"minecraft:jungle_sapling":5,"minecraft:glass":88,"minecraft:repeater":5,"minecraft:birch_trapdoor":4,"minecraft:magma_block":1,"minecraft:bow":63,"minecraft:oak_sapling":41,"minecraft:furnace":6,"minecraft:egg":270,"minecraft:potato":451,"minecraft:diorite":8,"minecraft:diamond_boots":1,"minecraft:stone_pickaxe":104,"minecraft:mangrove_planks":12,"minecraft:wooden_pickaxe":50,"minecraft:composter":5,"minecraft:diamond_axe":1334,"minecraft:cookie":54,"minecraft:glow_berries":142,"minecraft:sand":4,"minecraft:blast_furnace":1,"minecraft:redstone_torch":8,"minecraft:melon_slice":90,"minecraft:string":8,"minecraft:bread":59,"minecraft:lectern":6,"minecraft:gravel":275,"minecraft:diamond_sword":396,"minecraft:smithing_table":5,"minecraft:andesite":3,"minecraft:coarse_dirt":1,"minecraft:bone_meal":27,"minecraft:oak_trapdoor":6,"minecraft:flint_and_steel":2,"minecraft:redstone":135,"minecraft:cooked_chicken":47,"minecraft:netherrack":91,"minecraft:oak_door":4,"minecraft:torch":182,"minecraft:spyglass":51,"minecraft:dirt":1965,"minecraft:hopper":2,"minecraft:diamond_helmet":1,"minecraft:granite":7,"minecraft:jungle_trapdoor":3,"minecraft:oak_fence_gate":3,"minecraft:bookshelf":7,"minecraft:iron_axe":26,"minecraft:rooted_dirt":6,"minecraft:jungle_log":2,"minecraft:bamboo":60,"minecraft:golden_carrot":58,"minecraft:beef":1,"minecraft:minecart":6,"minecraft:cooked_beef":4,"minecraft:observer":40,"minecraft:cobbled_deepslate":368,"minecraft:wheat_seeds":41,"minecraft:water_bucket":38,"minecraft:cobblestone_stairs":13,"minecraft:birch_boat":2,"minecraft:fletching_table":23,"minecraft:rail":467,"minecraft:crafting_table":12,"minecraft:white_bed":53,"minecraft:oak_log":16,"minecraft:piston":44,"minecraft:diamond_pickaxe":2805,"minecraft:diamond_shovel":1714,"minecraft:iron_pickaxe":244,"minecraft:suspicious_stew":2,"minecraft:cobblestone":364,"minecraft:bucket":41,"minecraft:yellow_bed":4,"minecraft:diamond_leggings":1},"minecraft:killed_by":{"minecraft:zombie":2,"minecraft:skeleton":3},"minecraft:broken":{"minecraft:iron_shovel":2,"minecraft:stone_pickaxe":1,"minecraft:iron_axe":1},"minecraft:picked_up":{"minecraft:iron_chestplate":1,"minecraft:wheat":2,"minecraft:suspicious_stew":1,"minecraft:smithing_table":4,"minecraft:lead":3,"minecraft:diamond_sword":3,"minecraft:oak_stairs":2,"minecraft:string":10901,"minecraft:raw_copper":53,"minecraft:iron_leggings":2,"minecraft:oak_sign":3,"minecraft:activator_rail":4,"minecraft:gold_nugget":8,"minecraft:cobbled_deepslate":595,"minecraft:redstone_torch":12,"minecraft:azalea":2,"minecraft:iron_pickaxe":1,"minecraft:melon_slice":217,"minecraft:mangrove_log":20,"minecraft:iron_boots":2,"minecraft:furnace":4,"minecraft:stick":63,"minecraft:composter":3,"minecraft:birch_trapdoor":7,"minecraft:torch":119,"minecraft:porkchop":2,"minecraft:diorite":8,"minecraft:rotten_flesh":52,"minecraft:cyan_terracotta":1,"minecraft:mangrove_roots":1,"minecraft:white_terracotta":7,"minecraft:blaze_rod":3,"minecraft:obsidian":17,"minecraft:cobblestone":1135,"minecraft:birch_log":14,"minecraft:magma_block":1,"minecraft:feather":1,"minecraft:cooked_beef":2,"minecraft:repeater":9,"minecraft:andesite":12,"minecraft:jungle_log":323,"minecraft:potato":1133,"minecraft:flint":36,"minecraft:tuff":35,"minecraft:lapis_lazuli":242,"minecraft:dirt":2711,"minecraft:bone":29,"minecraft:bow":6,"minecraft:wheat_seeds":104,"minecraft:bell":2,"minecraft:fletching_table":14,"minecraft:bamboo":953,"minecraft:moss_block":8,"minecraft:stone_hoe":1,"minecraft:oak_planks":66,"minecraft:poisonous_potato":11,"minecraft:sand":147,"minecraft:jungle_planks":147,"minecraft:red_terracotta":1,"minecraft:diamond":384,"minecraft:crossbow":8,"minecraft:granite":14,"minecraft:bone_meal":8,"minecraft:chainmail_helmet":3,"minecraft:emerald":48,"minecraft:rooted_dirt":6,"minecraft:oak_sapling":66,"minecraft:netherrack":221,"minecraft:crimson_roots":2,"minecraft:diamond_pickaxe":4,"minecraft:cocoa_beans":3,"minecraft:coarse_dirt":1,"minecraft:crafting_table":7,"minecraft:azure_bluet":1,"minecraft:splash_potion":1,"minecraft:chicken":2,"minecraft:clay_ball":16,"minecraft:cornflower":1,"minecraft:oak_trapdoor":6,"minecraft:moss_carpet":6,"minecraft:iron_axe":1,"minecraft:blackstone":1,"minecraft:beef":4,"minecraft:observer":4,"minecraft:jungle_sapling":10,"minecraft:poppy":10,"minecraft:minecart":6,"minecraft:lectern":6,"minecraft:sugar_cane":8,"minecraft:chest":3,"minecraft:birch_sapling":8,"minecraft:piston":8,"minecraft:diamond_hoe":4,"minecraft:egg":170,"minecraft:raw_iron":110,"minecraft:sandstone":9,"minecraft:stone":32,"minecraft:oak_door":5,"minecraft:bowl":4,"minecraft:jungle_fence_gate":2,"minecraft:carrot":7,"minecraft:redstone":659,"minecraft:arrow":27,"minecraft:nether_bricks":49,"minecraft:hay_block":34,"minecraft:saddle":1,"minecraft:glow_berries":162,"minecraft:mutton":1,"minecraft:bone_block":17,"minecraft:rail":612,"minecraft:white_wool":90,"minecraft:mud_bricks":32,"minecraft:basalt":31,"minecraft:golden_carrot":26,"minecraft:glow_ink_sac":3,"minecraft:leather":4,"minecraft:birch_planks":2,"minecraft:packed_mud":5,"minecraft:crimson_fungus":1,"minecraft:oak_log":397,"minecraft:ancient_debris":1,"minecraft:yellow_bed":4,"minecraft:gunpowder":7,"minecraft:cobblestone_stairs":1,"minecraft:apple":40,"minecraft:iron_ingot":181,"minecraft:oak_fence_gate":2,"minecraft:stone_pickaxe":4,"minecraft:cooked_chicken":1,"minecraft:mangrove_planks":47,"minecraft:iron_sword":1,"minecraft:book":21,"minecraft:warped_fungus":4,"minecraft:birch_boat":3,"minecraft:quartz":115,"minecraft:dandelion":14,"minecraft:spyglass":1,"minecraft:gravel":293,"minecraft:blast_furnace":1,"minecraft:white_bed":36,"minecraft:spider_eye":5,"minecraft:diamond_shovel":1,"minecraft:pumpkin_seeds":2,"minecraft:stone_axe":1,"minecraft:iron_helmet":1,"minecraft:diamond_axe":2,"minecraft:warped_roots":2,"minecraft:mangrove_propagule":5,"minecraft:coal":330,"minecraft:hopper":1}},"DataVersion":3953}