{"stats":{"minecraft:killed":{"minecraft:spider":2,"minecraft:skeleton":8,"minecraft:chicken":1,"minecraft:piglin":2,"minecraft:creeper":4,"minecraft:zombie":20,"minecraft:wither_skeleton":1,"minecraft:villager":1,"minecraft:blaze":8,"minecraft:cow":2,"minecraft:enderman":1},"minecraft:used":{"minecraft:oak_trapdoor":6,"minecraft:moss_block":1,"minecraft:iron_shovel":702,"minecraft:flint_and_steel":2,"minecraft:diamond_hoe":761,"minecraft:chest":2,"minecraft:shield":1,"minecraft:bell":2,"minecraft:netherrack":48,"minecraft:torch":81,"minecraft:dirt":688,"minecraft:spyglass":5,"minecraft:nether_bricks":20,"minecraft:carrot":6,"minecraft:tuff":3,"minecraft:granite":6,"minecraft:oak_fence_gate":3,"minecraft:obsidian":17,"minecraft:rooted_dirt":6,"minecraft:birch_trapdoor":4,"minecraft:oak_sapling":41,"minecraft:furnace":5,"minecraft:minecart":2,"minecraft:potato":33,"minecraft:cooked_beef":4,"minecraft:cobbled_deepslate":84,"minecraft:wheat_seeds":40,"minecraft:water_bucket":10,"minecraft:diorite":6,"minecraft:stone_pickaxe":104,"minecraft:mangrove_planks":12,"minecraft:wooden_pickaxe":50,"minecraft:birch_boat":2,"minecraft:composter":5,"minecraft:diamond_axe":471,"minecraft:fletching_table":5,"minecraft:glow_berries":142,"minecraft:sand":4,"minecraft:rail":147,"minecraft:crafting_table":10,"minecraft:oak_log":12,"minecraft:diamond_pickaxe":402,"minecraft:melon_slice":90,"minecraft:bread":32,"minecraft:iron_pickaxe":244,"minecraft:gravel":52,"minecraft:diamond_sword":188,"minecraft:cobblestone":90,"minecraft:andesite":3,"minecraft:bucket":11,"minecraft:yellow_bed":1,"minecraft:bone_meal":9},"minecraft:mined":{"minecraft:nether_gold_ore":2,"minecraft:tuff":5,"minecraft:oak_sapling":20,"minecraft:deepslate_diamond_ore":42,"minecraft:jungle_leaves":51,"minecraft:mangrove_roots":1,"minecraft:cave_vines_plant":110,"minecraft:obsidian":18,"minecraft:nether_bricks":58,"minecraft:granite":7,"minecraft:grass_block":29,"minecraft:jungle_log":1,"minecraft:composter":3,"minecraft:moss_block":13,"minecraft:sandstone":12,"minecraft:rooted_dirt":6,"minecraft:hay_block":34,"minecraft:oak_trapdoor":6,"minecraft:furnace":4,"minecraft:carrots":6,"minecraft:iron_ore":35,"minecraft:fire":36,"minecraft:cobbled_deepslate":7,"minecraft:andesite":3,"minecraft:moss_carpet":2,"minecraft:fletching_table":4,"minecraft:azure_bluet":1,"minecraft:bell":2,"minecraft:potatoes":33,"minecraft:dirt_path":7,"minecraft:cave_vines":98,"minecraft:deepslate_iron_ore":52,"minecraft:vine":3,"minecraft:rail":123,"minecraft:azalea_leaves":1,"minecraft:bamboo":9,"minecraft:azalea":2,"minecraft:stone":84,"minecraft:jungle_fence_gate":2,"minecraft:crimson_nylium":3,"minecraft:basalt":1,"minecraft:clay":4,"minecraft:crafting_table":5,"minecraft:torch":19,"minecraft:short_grass":238,"minecraft:blast_furnace":1,"minecraft:poppy":1,"minecraft:melon":25,"minecraft:copper_ore":2,"minecraft:tall_grass":21,"minecraft:cobblestone":27,"minecraft:oak_planks":3,"minecraft:diorite":6,"minecraft:wall_torch":30,"minecraft:birch_planks":2,"minecraft:wheat":18,"minecraft:birch_trapdoor":3,"minecraft:mangrove_leaves":8,"minecraft:yellow_bed":1,"minecraft:coal_ore":69,"minecraft:oak_log":309,"minecraft:oak_fence_gate":2,"minecraft:gravel":34,"minecraft:sand":7,"minecraft:dirt":687,"minecraft:mangrove_log":20,"minecraft:deepslate":90,"minecraft:netherrack":83,"minecraft:oak_leaves":533,"minecraft:fern":9},"minecraft:broken":{"minecraft:iron_shovel":2,"minecraft:stone_pickaxe":1},"minecraft:crafted":{"minecraft:oak_planks":1184,"minecraft:diamond_hoe":1,"minecraft:blaze_powder":6,"minecraft:birch_slab":12,"minecraft:furnace":1,"minecraft:bone_meal":9,"minecraft:oak_trapdoor":6,"minecraft:flint_and_steel":1,"minecraft:diamond_helmet":1,"minecraft:bow":6,"minecraft:diamond_leggings":1,"minecraft:iron_boots":1,"minecraft:stone_pickaxe":1,"minecraft:chest":2,"minecraft:diamond_boots":1,"minecraft:minecart":1,"minecraft:wheat":306,"minecraft:cooked_beef":8,"minecraft:oak_slab":12,"minecraft:crossbow":15,"minecraft:diamond_sword":1,"minecraft:arrow":48,"minecraft:emerald":75,"minecraft:diamond_axe":1,"minecraft:crafting_table":5,"minecraft:wooden_pickaxe":1,"minecraft:iron_helmet":1,"minecraft:fletching_table":2,"minecraft:mangrove_planks":80,"minecraft:bucket":1,"minecraft:bread":102,"minecraft:air":0,"minecraft:jungle_planks":4,"minecraft:oak_fence_gate":1,"minecraft:iron_chestplate":1,"minecraft:diamond_pickaxe":1,"minecraft:shield":1,"minecraft:stick":2303,"minecraft:iron_ingot":46,"minecraft:iron_pickaxe":2,"minecraft:iron_shovel":3,"minecraft:iron_leggings":1,"minecraft:composter":2,"minecraft:torch":40,"minecraft:diamond_chestplate":1},"minecraft:custom":{"minecraft:interact_with_anvil":2,"minecraft:mob_kills":50,"minecraft:interact_with_crafting_table":43,"minecraft:bell_ring":31,"minecraft:leave_game":5,"minecraft:time_since_death":277462,"minecraft:climb_one_cm":10049,"minecraft:sprint_one_cm":1120137,"minecraft:walk_one_cm":872242,"minecraft:damage_blocked_by_shield":30,"minecraft:drop":251,"minecraft:talked_to_villager":77,"minecraft:play_time":292640,"minecraft:sneak_time":7571,"minecraft:deaths":1,"minecraft:walk_under_water_one_cm":4780,"minecraft:boat_one_cm":4093,"minecraft:jump":5232,"minecraft:interact_with_blast_furnace":1,"minecraft:walk_on_water_one_cm":17584,"minecraft:total_world_time":292640,"minecraft:interact_with_furnace":27,"minecraft:traded_with_villager":99,"minecraft:sleep_in_bed":7,"minecraft:time_since_rest":14840,"minecraft:damage_taken":3254,"minecraft:damage_dealt":10283,"minecraft:player_kills":1,"minecraft:swim_one_cm":26857,"minecraft:fly_one_cm":888257,"minecraft:open_chest":18,"minecraft:crouch_one_cm":22254,"minecraft:fall_one_cm":117448},"minecraft:killed_by":{"minecraft:skeleton":1},"minecraft:picked_up":{"minecraft:crafting_table":5,"minecraft:wheat":1,"minecraft:azure_bluet":1,"minecraft:chicken":1,"minecraft:clay_ball":16,"minecraft:oak_trapdoor":6,"minecraft:moss_carpet":6,"minecraft:raw_copper":10,"minecraft:activator_rail":4,"minecraft:gold_nugget":8,"minecraft:cobbled_deepslate":87,"minecraft:beef":3,"minecraft:azalea":2,"minecraft:jungle_sapling":2,"minecraft:iron_pickaxe":1,"minecraft:poppy":1,"minecraft:minecart":2,"minecraft:melon_slice":180,"minecraft:sugar_cane":5,"minecraft:mangrove_log":20,"minecraft:furnace":4,"minecraft:raw_iron":86,"minecraft:stick":23,"minecraft:sandstone":9,"minecraft:composter":3,"minecraft:birch_trapdoor":7,"minecraft:torch":51,"minecraft:jungle_fence_gate":2,"minecraft:diorite":6,"minecraft:carrot":6,"minecraft:arrow":4,"minecraft:rotten_flesh":19,"minecraft:nether_bricks":49,"minecraft:hay_block":34,"minecraft:mangrove_roots":1,"minecraft:saddle":1,"minecraft:blaze_rod":3,"minecraft:glow_berries":162,"minecraft:obsidian":17,"minecraft:mutton":1,"minecraft:rail":299,"minecraft:cobblestone":121,"minecraft:feather":1,"minecraft:cooked_beef":2,"minecraft:basalt":1,"minecraft:jungle_log":1,"minecraft:andesite":3,"minecraft:leather":2,"minecraft:potato":94,"minecraft:birch_planks":2,"minecraft:flint":5,"minecraft:crimson_fungus":1,"minecraft:tuff":4,"minecraft:oak_log":308,"minecraft:yellow_bed":1,"minecraft:gunpowder":3,"minecraft:dirt":733,"minecraft:bone":12,"minecraft:apple":3,"minecraft:wheat_seeds":74,"minecraft:bell":2,"minecraft:iron_ingot":11,"minecraft:oak_fence_gate":2,"minecraft:fletching_table":5,"minecraft:bamboo":122,"minecraft:moss_block":8,"minecraft:mangrove_planks":47,"minecraft:warped_fungus":3,"minecraft:birch_boat":3,"minecraft:poisonous_potato":1,"minecraft:quartz":3,"minecraft:dandelion":1,"minecraft:spyglass":1,"minecraft:gravel":62,"minecraft:sand":8,"minecraft:spider_eye":1,"minecraft:diamond":43,"minecraft:crossbow":6,"minecraft:granite":7,"minecraft:emerald":9,"minecraft:rooted_dirt":6,"minecraft:oak_sapling":55,"minecraft:netherrack":112,"minecraft:mangrove_propagule":5,"minecraft:coal":108,"minecraft:crimson_roots":1,"minecraft:diamond_pickaxe":1},"minecraft:dropped":{"minecraft:iron_ingot":2,"minecraft:bread":13,"minecraft:oak_slab":5,"minecraft:moss_block":7,"minecraft:wheat_seeds":34,"minecraft:warped_fungus":3,"minecraft:cooked_beef":1,"minecraft:diamond":1,"minecraft:poisonous_potato":1,"minecraft:crossbow":21,"minecraft:mangrove_propagule":5,"minecraft:iron_helmet":1,"minecraft:feather":1,"minecraft:cobblestone":8,"minecraft:glow_berries":20,"minecraft:leather":2,"minecraft:granite":1,"minecraft:fletching_table":1,"minecraft:mangrove_planks":53,"minecraft:activator_rail":4,"minecraft:birch_slab":5,"minecraft:rail":166,"minecraft:emerald":13,"minecraft:dirt":7,"minecraft:mutton":1,"minecraft:crimson_roots":1,"minecraft:melon_slice":90,"minecraft:iron_leggings":1,"minecraft:jungle_sapling":2,"minecraft:gold_nugget":8,"minecraft:sand":4,"minecraft:iron_pickaxe":3,"minecraft:dandelion":1,"minecraft:bone":6,"minecraft:gravel":10,"minecraft:crimson_fungus":1,"minecraft:moss_carpet":6,"minecraft:sugar_cane":5,"minecraft:mangrove_roots":1,"minecraft:oak_trapdoor":6,"minecraft:jungle_fence_gate":2,"minecraft:cobbled_deepslate":3,"minecraft:raw_copper":10,"minecraft:tuff":1,"minecraft:wheat":1,"minecraft:chicken":1,"minecraft:rotten_flesh":17,"minecraft:clay_ball":16,"minecraft:iron_boots":1,"minecraft:azure_bluet":1,"minecraft:nether_bricks":29,"minecraft:flint_and_steel":1,"minecraft:poppy":1,"minecraft:potato":61,"minecraft:gunpowder":2,"minecraft:birch_trapdoor":3,"minecraft:diamond_pickaxe":1,"minecraft:iron_chestplate":1,"minecraft:azalea":2,"minecraft:spider_eye":1,"minecraft:bamboo":58,"minecraft:sandstone":9,"minecraft:basalt":1,"minecraft:arrow":4,"minecraft:bow":5,"minecraft:quartz":3,"minecraft:netherrack":64}},"DataVersion":3953}