{"stats":{"minecraft:killed":{"minecraft:spider":11,"minecraft:skeleton":8,"minecraft:chicken":7,"minecraft:pig":4,"minecraft:iron_golem":2,"minecraft:creeper":5,"minecraft:sheep":1,"minecraft:zombie":25,"minecraft:enderman":3,"minecraft:blaze":3,"minecraft:cow":2},"minecraft:used":{"minecraft:stone_shovel":332,"minecraft:chest":6,"minecraft:shield":19,"minecraft:iron_sword":98,"minecraft:wooden_shovel":47,"minecraft:bell":1,"minecraft:cooked_chicken":7,"minecraft:rotten_flesh":15,"minecraft:netherrack":8,"minecraft:iron_chestplate":1,"minecraft:torch":5,"minecraft:dirt":182,"minecraft:spyglass":5,"minecraft:jungle_planks":50,"minecraft:carrot":15,"minecraft:jungle_sapling":21,"minecraft:wooden_axe":109,"minecraft:jungle_fence_gate":2,"minecraft:iron_axe":185,"minecraft:jungle_log":5,"minecraft:iron_helmet":1,"minecraft:iron_boots":1,"minecraft:birch_trapdoor":9,"minecraft:bow":57,"minecraft:oak_sapling":4,"minecraft:furnace":6,"minecraft:potato":124,"minecraft:golden_boots":1,"minecraft:iron_leggings":1,"minecraft:wheat_seeds":96,"minecraft:diorite":1,"minecraft:birch_planks":55,"minecraft:stone_pickaxe":207,"minecraft:oak_planks":20,"minecraft:wooden_pickaxe":65,"minecraft:composter":1,"minecraft:fletching_table":5,"minecraft:jungle_boat":1,"minecraft:mossy_cobblestone":1,"minecraft:blast_furnace":4,"minecraft:crafting_table":22,"minecraft:white_bed":6,"minecraft:oak_log":1,"minecraft:apple":1,"minecraft:iron_pickaxe":368,"minecraft:melon_slice":26,"minecraft:bread":57,"minecraft:gravel":27,"minecraft:stone_axe":686,"minecraft:diamond_sword":27,"minecraft:porkchop":1,"minecraft:cooked_porkchop":6,"minecraft:smithing_table":5,"minecraft:bucket":1,"minecraft:yellow_bed":4,"minecraft:oak_boat":19,"minecraft:bone_meal":18,"minecraft:birch_stairs":2},"minecraft:mined":{"minecraft:nether_gold_ore":28,"minecraft:tuff":18,"minecraft:white_bed":7,"minecraft:farmland":1,"minecraft:mossy_cobblestone":2,"minecraft:oak_door":1,"minecraft:cobblestone_stairs":2,"minecraft:jungle_leaves":116,"minecraft:glow_lichen":1,"minecraft:acacia_log":7,"minecraft:grass_block":50,"minecraft:jungle_planks":18,"minecraft:jungle_log":398,"minecraft:composter":3,"minecraft:hay_block":15,"minecraft:carrots":7,"minecraft:furnace":5,"minecraft:jungle_sapling":1,"minecraft:iron_ore":81,"minecraft:fire":2,"minecraft:cobbled_deepslate":1,"minecraft:andesite":3,"minecraft:fletching_table":4,"minecraft:potatoes":78,"minecraft:dirt_path":41,"minecraft:vine":49,"minecraft:deepslate_iron_ore":2,"minecraft:rail":11,"minecraft:warped_stem":2,"minecraft:white_tulip":1,"minecraft:stone":72,"minecraft:white_wool":1,"minecraft:smithing_table":4,"minecraft:crafting_table":14,"minecraft:torch":1,"minecraft:short_grass":205,"minecraft:blast_furnace":4,"minecraft:melon":2,"minecraft:warped_roots":2,"minecraft:chest":2,"minecraft:nether_quartz_ore":5,"minecraft:tall_grass":3,"minecraft:cobblestone":9,"minecraft:oak_planks":23,"minecraft:sugar_cane":25,"minecraft:wall_torch":2,"minecraft:diorite":1,"minecraft:birch_planks":28,"minecraft:birch_log":79,"minecraft:wheat":84,"minecraft:birch_trapdoor":2,"minecraft:birch_leaves":3,"minecraft:warped_fungus":1,"minecraft:tnt":4,"minecraft:yellow_bed":4,"minecraft:coal_ore":13,"minecraft:oak_log":85,"minecraft:cocoa":1,"minecraft:gravel":32,"minecraft:sand":12,"minecraft:dirt":447,"minecraft:netherrack":19,"minecraft:deepslate":274,"minecraft:oak_leaves":13,"minecraft:fern":15},"minecraft:broken":{"minecraft:stone_pickaxe":1,"minecraft:stone_axe":3,"minecraft:iron_pickaxe":1,"minecraft:wooden_axe":1,"minecraft:stone_shovel":2},"minecraft:crafted":{"minecraft:chainmail_helmet":8,"minecraft:oak_planks":280,"minecraft:jungle_fence_gate":2,"minecraft:stone_shovel":3,"minecraft:diamond_hoe":5,"minecraft:birch_boat":1,"minecraft:cooked_chicken":7,"minecraft:furnace":2,"minecraft:bone_meal":18,"minecraft:bow":1,"minecraft:iron_boots":11,"minecraft:iron_axe":4,"minecraft:stone_pickaxe":21,"minecraft:chest":4,"minecraft:stone_hoe":1,"minecraft:chainmail_leggings":12,"minecraft:wheat":144,"minecraft:golden_boots":1,"minecraft:minecart":1,"minecraft:wooden_shovel":1,"minecraft:emerald":109,"minecraft:cooked_porkchop":6,"minecraft:crafting_table":10,"minecraft:jungle_boat":1,"minecraft:wooden_pickaxe":2,"minecraft:iron_helmet":1,"minecraft:iron_sword":1,"minecraft:smithing_table":1,"minecraft:fletching_table":2,"minecraft:bucket":1,"minecraft:birch_planks":188,"minecraft:stone_axe":6,"minecraft:enchanted_book":1,"minecraft:bread":67,"minecraft:air":0,"minecraft:jungle_planks":1392,"minecraft:oak_boat":2,"minecraft:iron_chestplate":1,"minecraft:charcoal":16,"minecraft:shield":2,"minecraft:stick":3040,"minecraft:iron_ingot":94,"minecraft:birch_trapdoor":8,"minecraft:iron_pickaxe":2,"minecraft:wooden_axe":2,"minecraft:gold_ingot":12,"minecraft:iron_leggings":1,"minecraft:torch":8,"minecraft:birch_stairs":4},"minecraft:custom":{"minecraft:interact_with_smithing_table":4,"minecraft:interact_with_anvil":2,"minecraft:mob_kills":73,"minecraft:interact_with_crafting_table":91,"minecraft:bell_ring":1,"minecraft:leave_game":5,"minecraft:time_since_death":45402,"minecraft:climb_one_cm":9049,"minecraft:sprint_one_cm":1186905,"minecraft:walk_one_cm":982057,"minecraft:damage_blocked_by_shield":633,"minecraft:drop":185,"minecraft:talked_to_villager":109,"minecraft:play_time":365249,"minecraft:sneak_time":3087,"minecraft:deaths":10,"minecraft:walk_under_water_one_cm":20152,"minecraft:boat_one_cm":51683,"minecraft:jump":5960,"minecraft:interact_with_blast_furnace":2,"minecraft:walk_on_water_one_cm":65732,"minecraft:total_world_time":365249,"minecraft:interact_with_furnace":107,"minecraft:traded_with_villager":167,"minecraft:sleep_in_bed":17,"minecraft:time_since_rest":23065,"minecraft:damage_taken":5257,"minecraft:damage_dealt":11968,"minecraft:swim_one_cm":11583,"minecraft:fly_one_cm":1164434,"minecraft:open_chest":88,"minecraft:crouch_one_cm":6479,"minecraft:fall_one_cm":130529},"minecraft:killed_by":{"minecraft:player":2,"minecraft:skeleton":1,"minecraft:blaze":1,"minecraft:zombie":1},"minecraft:picked_up":{"minecraft:wooden_axe":2,"minecraft:charcoal":9,"minecraft:cocoa_beans":3,"minecraft:iron_chestplate":1,"minecraft:crafting_table":15,"minecraft:wheat":83,"minecraft:chicken":7,"minecraft:chest_minecart":1,"minecraft:smithing_table":4,"minecraft:diamond_sword":1,"minecraft:wooden_pickaxe":6,"minecraft:shield":5,"minecraft:string":15,"minecraft:iron_axe":2,"minecraft:iron_leggings":1,"minecraft:shroomlight":1,"minecraft:activator_rail":4,"minecraft:detector_rail":4,"minecraft:gold_nugget":120,"minecraft:cobbled_deepslate":469,"minecraft:beef":8,"minecraft:white_tulip":2,"minecraft:oak_boat":19,"minecraft:iron_pickaxe":6,"minecraft:jungle_sapling":24,"minecraft:wooden_shovel":1,"minecraft:poppy":6,"minecraft:minecart":1,"minecraft:melon_slice":44,"minecraft:sugar_cane":115,"minecraft:chest":2,"minecraft:iron_boots":1,"minecraft:furnace":6,"minecraft:raw_iron":170,"minecraft:stick":34,"minecraft:oak_door":2,"minecraft:composter":2,"minecraft:birch_trapdoor":5,"minecraft:oak_fence":4,"minecraft:torch":18,"minecraft:acacia_log":7,"minecraft:porkchop":9,"minecraft:diorite":1,"minecraft:carrot":28,"minecraft:arrow":11,"minecraft:stone_shovel":1,"minecraft:rotten_flesh":42,"minecraft:diamond_chestplate":1,"minecraft:nether_bricks":1,"minecraft:diamond_boots":1,"minecraft:hay_block":16,"minecraft:saddle":2,"minecraft:blaze_rod":4,"minecraft:mutton":2,"minecraft:rail":159,"minecraft:white_wool":7,"minecraft:cobblestone":185,"minecraft:stripped_oak_log":2,"minecraft:birch_log":78,"minecraft:jungle_boat":1,"minecraft:feather":28,"minecraft:basalt":1,"minecraft:jungle_log":389,"minecraft:water_bucket":3,"minecraft:andesite":6,"minecraft:leather":3,"minecraft:potato":312,"minecraft:birch_planks":154,"minecraft:flint":4,"minecraft:tuff":34,"minecraft:oak_log":91,"minecraft:yellow_bed":4,"minecraft:gunpowder":5,"minecraft:cobblestone_stairs":3,"minecraft:dirt":590,"minecraft:bone":10,"minecraft:apple":3,"minecraft:bow":1,"minecraft:wheat_seeds":270,"minecraft:warped_stem":9,"minecraft:bell":1,"minecraft:iron_ingot":49,"minecraft:fletching_table":3,"minecraft:iron_sword":1,"minecraft:stone_hoe":1,"minecraft:oak_planks":56,"minecraft:warped_fungus":2,"minecraft:warped_wart_block":44,"minecraft:quartz":12,"minecraft:dandelion":2,"minecraft:spyglass":1,"minecraft:poisonous_potato":2,"minecraft:gravel":28,"minecraft:sand":11,"minecraft:birch_stairs":2,"minecraft:jungle_planks":28,"minecraft:blast_furnace":5,"minecraft:white_bed":8,"minecraft:spider_eye":5,"minecraft:mossy_cobblestone":2,"minecraft:stone_axe":1,"minecraft:iron_helmet":3,"minecraft:crossbow":13,"minecraft:warped_roots":6,"minecraft:emerald":31,"minecraft:bread":9,"minecraft:oak_sapling":18,"minecraft:netherrack":312,"minecraft:warped_nylium":5,"minecraft:coal":32,"minecraft:ender_pearl":2},"minecraft:dropped":{"minecraft:iron_ingot":26,"minecraft:wheat_seeds":21,"minecraft:warped_fungus":2,"minecraft:rail":102,"minecraft:cobblestone_stairs":3,"minecraft:stick":1,"minecraft:dirt":109,"minecraft:melon_slice":5,"minecraft:gold_nugget":1,"minecraft:iron_axe":1,"minecraft:birch_stairs":2,"minecraft:dandelion":2,"minecraft:gold_ingot":1,"minecraft:oak_door":2,"minecraft:white_tulip":1,"minecraft:spyglass":1,"minecraft:warped_nylium":1,"minecraft:tuff":17,"minecraft:rotten_flesh":4,"minecraft:oak_planks":1,"minecraft:stripped_oak_log":2,"minecraft:nether_bricks":1,"minecraft:carrot":13,"minecraft:poppy":4,"minecraft:potato":129,"minecraft:shield":1,"minecraft:gunpowder":2,"minecraft:andesite":3,"minecraft:birch_boat":1,"minecraft:netherrack":11}},"DataVersion":3953}