{"stats":{"minecraft:killed":{"minecraft:spider":14,"minecraft:skeleton":8,"minecraft:chicken":7,"minecraft:pig":4,"minecraft:iron_golem":3,"minecraft:creeper":6,"minecraft:sheep":1,"minecraft:pillager":2,"minecraft:zombie":27,"minecraft:cow":2,"minecraft:blaze":3,"minecraft:enderman":3},"minecraft:used":{"minecraft:chest":8,"minecraft:shield":19,"minecraft:iron_sword":98,"minecraft:bell":1,"minecraft:rotten_flesh":15,"minecraft:iron_chestplate":1,"minecraft:jungle_planks":81,"minecraft:carrot":15,"minecraft:jungle_sapling":33,"minecraft:jungle_fence_gate":2,"minecraft:iron_helmet":1,"minecraft:birch_trapdoor":9,"minecraft:bow":57,"minecraft:furnace":6,"minecraft:oak_sapling":4,"minecraft:potato":146,"minecraft:golden_boots":1,"minecraft:diorite":1,"minecraft:stone_pickaxe":294,"minecraft:oak_planks":20,"minecraft:wooden_pickaxe":65,"minecraft:composter":1,"minecraft:jungle_boat":1,"minecraft:cookie":11,"minecraft:blast_furnace":4,"minecraft:bread":67,"minecraft:melon_slice":26,"minecraft:gravel":27,"minecraft:diamond_sword":42,"minecraft:smithing_table":5,"minecraft:oak_boat":19,"minecraft:bone_meal":18,"minecraft:stone_shovel":332,"minecraft:wooden_shovel":47,"minecraft:cooked_chicken":7,"minecraft:netherrack":8,"minecraft:torch":5,"minecraft:dirt":317,"minecraft:spyglass":5,"minecraft:diamond_helmet":1,"minecraft:wooden_axe":109,"minecraft:iron_axe":340,"minecraft:jungle_log":9,"minecraft:iron_boots":1,"minecraft:minecart":1,"minecraft:iron_leggings":1,"minecraft:wheat_seeds":149,"minecraft:water_bucket":5,"minecraft:birch_planks":55,"minecraft:baked_potato":5,"minecraft:fletching_table":5,"minecraft:mossy_cobblestone":1,"minecraft:rail":105,"minecraft:crafting_table":22,"minecraft:white_bed":11,"minecraft:oak_log":1,"minecraft:apple":1,"minecraft:iron_pickaxe":368,"minecraft:suspicious_stew":2,"minecraft:stone_axe":703,"minecraft:cooked_porkchop":6,"minecraft:porkchop":1,"minecraft:bucket":6,"minecraft:yellow_bed":4,"minecraft:birch_stairs":2},"minecraft:mined":{"minecraft:white_bed":7,"minecraft:farmland":1,"minecraft:cobblestone_stairs":2,"minecraft:jungle_leaves":125,"minecraft:acacia_log":7,"minecraft:grass_block":54,"minecraft:jungle_log":528,"minecraft:composter":3,"minecraft:iron_ore":84,"minecraft:cobbled_deepslate":1,"minecraft:fire":2,"minecraft:fletching_table":4,"minecraft:dirt_path":41,"minecraft:torch":1,"minecraft:blast_furnace":4,"minecraft:melon":2,"minecraft:chest":2,"minecraft:nether_quartz_ore":5,"minecraft:cobblestone":9,"minecraft:sugar_cane":25,"minecraft:oak_planks":23,"minecraft:wall_torch":2,"minecraft:birch_log":79,"minecraft:wheat":139,"minecraft:birch_trapdoor":3,"minecraft:tnt":4,"minecraft:warped_fungus":1,"minecraft:oak_log":85,"minecraft:sand":12,"minecraft:dirt":459,"minecraft:netherrack":19,"minecraft:oak_leaves":13,"minecraft:deepslate":274,"minecraft:nether_gold_ore":28,"minecraft:tuff":18,"minecraft:mossy_cobblestone":2,"minecraft:oak_door":1,"minecraft:glow_lichen":1,"minecraft:jungle_planks":21,"minecraft:hay_block":15,"minecraft:furnace":5,"minecraft:carrots":21,"minecraft:jungle_sapling":1,"minecraft:andesite":3,"minecraft:potatoes":102,"minecraft:deepslate_iron_ore":2,"minecraft:vine":51,"minecraft:rail":100,"minecraft:warped_stem":2,"minecraft:stone":73,"minecraft:white_tulip":1,"minecraft:white_wool":1,"minecraft:smithing_table":4,"minecraft:dandelion":1,"minecraft:crafting_table":14,"minecraft:short_grass":228,"minecraft:warped_roots":2,"minecraft:tall_grass":14,"minecraft:diorite":1,"minecraft:birch_planks":28,"minecraft:birch_leaves":3,"minecraft:yellow_bed":5,"minecraft:coal_ore":13,"minecraft:cocoa":1,"minecraft:gravel":32,"minecraft:fern":15},"minecraft:broken":{"minecraft:stone_pickaxe":1,"minecraft:stone_axe":3,"minecraft:wooden_axe":1,"minecraft:stone_shovel":2,"minecraft:iron_pickaxe":1},"minecraft:crafted":{"minecraft:oak_planks":280,"minecraft:jungle_fence_gate":2,"minecraft:chainmail_helmet":18,"minecraft:barrel":4,"minecraft:birch_boat":1,"minecraft:cooked_chicken":7,"minecraft:diamond_helmet":1,"minecraft:bow":1,"minecraft:iron_boots":11,"minecraft:chest":6,"minecraft:birch_button":8,"minecraft:stone_hoe":1,"minecraft:golden_boots":1,"minecraft:wooden_shovel":1,"minecraft:emerald":141,"minecraft:cooked_porkchop":6,"minecraft:crafting_table":10,"minecraft:jungle_boat":1,"minecraft:wooden_pickaxe":2,"minecraft:baked_potato":5,"minecraft:iron_helmet":1,"minecraft:smithing_table":1,"minecraft:fletching_table":2,"minecraft:birch_planks":188,"minecraft:iron_chestplate":1,"minecraft:charcoal":16,"minecraft:shield":2,"minecraft:stick":4064,"minecraft:iron_ingot":94,"minecraft:iron_pickaxe":2,"minecraft:gold_ingot":12,"minecraft:birch_stairs":4,"minecraft:stone_shovel":3,"minecraft:diamond_hoe":5,"minecraft:furnace":2,"minecraft:bone_meal":18,"minecraft:iron_axe":4,"minecraft:stone_pickaxe":21,"minecraft:chainmail_leggings":12,"minecraft:minecart":1,"minecraft:wheat":144,"minecraft:iron_sword":1,"minecraft:bucket":1,"minecraft:stone_axe":6,"minecraft:enchanted_book":1,"minecraft:jungle_slab":6,"minecraft:bread":67,"minecraft:air":0,"minecraft:jungle_planks":2000,"minecraft:oak_boat":2,"minecraft:wooden_axe":2,"minecraft:birch_trapdoor":8,"minecraft:iron_leggings":1,"minecraft:torch":8},"minecraft:custom":{"minecraft:interact_with_crafting_table":98,"minecraft:bell_ring":1,"minecraft:leave_game":6,"minecraft:time_since_death":130819,"minecraft:sprint_one_cm":1441546,"minecraft:damage_blocked_by_shield":633,"minecraft:drop":275,"minecraft:talked_to_villager":130,"minecraft:play_time":450666,"minecraft:deaths":10,"minecraft:jump":7129,"minecraft:walk_on_water_one_cm":69639,"minecraft:interact_with_furnace":114,"minecraft:traded_with_villager":210,"minecraft:sleep_in_bed":21,"minecraft:damage_dealt":14243,"minecraft:crouch_one_cm":19714,"minecraft:interact_with_smithing_table":4,"minecraft:mob_kills":82,"minecraft:interact_with_anvil":2,"minecraft:climb_one_cm":9246,"minecraft:walk_one_cm":1195002,"minecraft:sneak_time":6229,"minecraft:walk_under_water_one_cm":24412,"minecraft:boat_one_cm":51683,"minecraft:interact_with_blast_furnace":2,"minecraft:total_world_time":450666,"minecraft:time_since_rest":19356,"minecraft:damage_taken":5779,"minecraft:minecart_one_cm":149,"minecraft:swim_one_cm":11583,"minecraft:fly_one_cm":1405985,"minecraft:open_chest":125,"minecraft:fall_one_cm":155445},"minecraft:killed_by":{"minecraft:blaze":1,"minecraft:zombie":1,"minecraft:player":2,"minecraft:skeleton":1},"minecraft:picked_up":{"minecraft:wooden_axe":2,"minecraft:iron_chestplate":1,"minecraft:wheat":136,"minecraft:suspicious_stew":4,"minecraft:smithing_table":4,"minecraft:diamond_sword":1,"minecraft:string":512,"minecraft:iron_leggings":1,"minecraft:shroomlight":1,"minecraft:activator_rail":4,"minecraft:gold_nugget":120,"minecraft:cobbled_deepslate":469,"minecraft:white_tulip":2,"minecraft:wooden_shovel":1,"minecraft:iron_pickaxe":6,"minecraft:melon_slice":44,"minecraft:furnace":6,"minecraft:iron_boots":1,"minecraft:stick":46,"minecraft:composter":2,"minecraft:birch_trapdoor":5,"minecraft:oak_fence":4,"minecraft:acacia_log":7,"minecraft:torch":18,"minecraft:porkchop":9,"minecraft:diorite":1,"minecraft:rotten_flesh":45,"minecraft:blaze_rod":4,"minecraft:cobblestone":186,"minecraft:birch_log":78,"minecraft:feather":28,"minecraft:andesite":6,"minecraft:water_bucket":4,"minecraft:birch_slab":5,"minecraft:jungle_log":526,"minecraft:potato":394,"minecraft:flint":4,"minecraft:tuff":34,"minecraft:dirt":600,"minecraft:bone":10,"minecraft:bow":1,"minecraft:wheat_seeds":412,"minecraft:bell":1,"minecraft:fletching_table":3,"minecraft:stone_hoe":1,"minecraft:oak_planks":56,"minecraft:warped_wart_block":44,"minecraft:poisonous_potato":2,"minecraft:jungle_planks":30,"minecraft:sand":11,"minecraft:mossy_cobblestone":2,"minecraft:crossbow":13,"minecraft:bread":9,"minecraft:emerald":34,"minecraft:oak_sapling":18,"minecraft:netherrack":313,"minecraft:cocoa_beans":3,"minecraft:charcoal":9,"minecraft:crafting_table":15,"minecraft:azure_bluet":1,"minecraft:ominous_bottle":1,"minecraft:chicken":7,"minecraft:chest_minecart":1,"minecraft:wooden_pickaxe":6,"minecraft:shield":5,"minecraft:iron_axe":2,"minecraft:detector_rail":4,"minecraft:beef":8,"minecraft:oak_boat":19,"minecraft:jungle_sapling":35,"minecraft:poppy":6,"minecraft:minecart":1,"minecraft:sugar_cane":115,"minecraft:chest":2,"minecraft:raw_iron":172,"minecraft:oak_door":2,"minecraft:cookie":54,"minecraft:carrot":70,"minecraft:diamond_chestplate":1,"minecraft:stone_shovel":1,"minecraft:arrow":11,"minecraft:nether_bricks":1,"minecraft:diamond_boots":1,"minecraft:hay_block":16,"minecraft:saddle":2,"minecraft:mutton":2,"minecraft:white_wool":7,"minecraft:rail":249,"minecraft:stripped_oak_log":2,"minecraft:jungle_boat":1,"minecraft:basalt":1,"minecraft:leather":3,"minecraft:birch_planks":154,"minecraft:oak_log":91,"minecraft:yellow_bed":4,"minecraft:gunpowder":5,"minecraft:cobblestone_stairs":3,"minecraft:white_banner":1,"minecraft:apple":3,"minecraft:warped_stem":9,"minecraft:iron_ingot":53,"minecraft:iron_sword":1,"minecraft:warped_fungus":2,"minecraft:quartz":12,"minecraft:dandelion":4,"minecraft:spyglass":1,"minecraft:gravel":28,"minecraft:birch_stairs":2,"minecraft:blast_furnace":5,"minecraft:white_bed":13,"minecraft:spider_eye":6,"minecraft:stone_axe":1,"minecraft:iron_helmet":3,"minecraft:warped_roots":6,"minecraft:warped_nylium":5,"minecraft:coal":32,"minecraft:ender_pearl":2},"minecraft:dropped":{"minecraft:warped_fungus":2,"minecraft:rail":102,"minecraft:cobblestone_stairs":3,"minecraft:dirt":110,"minecraft:gold_nugget":1,"minecraft:birch_stairs":2,"minecraft:gold_ingot":1,"minecraft:oak_door":2,"minecraft:white_tulip":1,"minecraft:spyglass":1,"minecraft:rotten_flesh":4,"minecraft:oak_planks":1,"minecraft:carrot":13,"minecraft:poppy":4,"minecraft:gunpowder":2,"minecraft:netherrack":11,"minecraft:iron_ingot":30,"minecraft:wheat_seeds":44,"minecraft:cobblestone":2,"minecraft:stick":1,"minecraft:melon_slice":5,"minecraft:iron_axe":2,"minecraft:dandelion":2,"minecraft:warped_nylium":1,"minecraft:tuff":17,"minecraft:stripped_oak_log":2,"minecraft:nether_bricks":1,"minecraft:potato":192,"minecraft:shield":1,"minecraft:andesite":3,"minecraft:birch_boat":1}},"DataVersion":3953}