{"stats":{"minecraft:custom":{"minecraft:interact_with_crafting_table":181,"minecraft:open_barrel":28,"minecraft:bell_ring":4,"minecraft:eat_cake_slice":3,"minecraft:leave_game":13,"minecraft:time_since_death":858674,"minecraft:sprint_one_cm":3954451,"minecraft:damage_blocked_by_shield":1045,"minecraft:drop":732,"minecraft:talked_to_villager":504,"minecraft:play_time":1178521,"minecraft:deaths":10,"minecraft:jump":19723,"minecraft:walk_on_water_one_cm":150911,"minecraft:enchant_item":11,"minecraft:interact_with_furnace":150,"minecraft:traded_with_villager":1202,"minecraft:sleep_in_bed":48,"minecraft:damage_dealt":38702,"minecraft:crouch_one_cm":91611,"minecraft:inspect_dispenser":4,"minecraft:interact_with_smithing_table":11,"minecraft:interact_with_anvil":26,"minecraft:mob_kills":417,"minecraft:climb_one_cm":23828,"minecraft:walk_one_cm":3125932,"minecraft:sneak_time":25470,"minecraft:walk_under_water_one_cm":29983,"minecraft:boat_one_cm":51796,"minecraft:interact_with_blast_furnace":9,"minecraft:total_world_time":1178521,"minecraft:interact_with_grindstone":13,"minecraft:time_since_rest":49481,"minecraft:damage_taken":11392,"minecraft:minecart_one_cm":149,"minecraft:swim_one_cm":29027,"minecraft:fly_one_cm":3804523,"minecraft:open_chest":493,"minecraft:fall_one_cm":452846},"minecraft:crafted":{"minecraft:jungle_button":3,"minecraft:oak_planks":296,"minecraft:chainmail_helmet":18,"minecraft:jungle_fence_gate":2,"minecraft:barrel":4,"minecraft:cooked_chicken":7,"minecraft:birch_boat":1,"minecraft:birch_slab":18,"minecraft:diamond_shovel":2,"minecraft:bookshelf":34,"minecraft:quartz_block":47,"minecraft:hopper":1,"minecraft:diamond_helmet":1,"minecraft:bow":29,"minecraft:diamond_leggings":1,"minecraft:iron_boots":11,"minecraft:polished_basalt":256,"minecraft:chest":25,"minecraft:oak_button":9,"minecraft:rail":704,"minecraft:birch_button":8,"minecraft:stone_hoe":12,"minecraft:golden_boots":2,"minecraft:oak_slab":6,"minecraft:wooden_shovel":1,"minecraft:emerald":963,"minecraft:arrow":192,"minecraft:cooked_porkchop":8,"minecraft:diamond_axe":2,"minecraft:crafting_table":16,"minecraft:jungle_boat":1,"minecraft:iron_helmet":1,"minecraft:wooden_pickaxe":2,"minecraft:baked_potato":17,"minecraft:smithing_table":3,"minecraft:fletching_table":2,"minecraft:birch_planks":316,"minecraft:light_gray_bed":2,"minecraft:lectern":5,"minecraft:iron_chestplate":1,"minecraft:book":3,"minecraft:diamond_pickaxe":1,"minecraft:charcoal":16,"minecraft:shield":4,"minecraft:stick":6898,"minecraft:iron_ingot":132,"minecraft:iron_pickaxe":4,"minecraft:iron_block":6,"minecraft:gold_ingot":19,"minecraft:birch_stairs":4,"minecraft:shears":2,"minecraft:jungle_sign":9,"minecraft:stone_shovel":3,"minecraft:diamond_hoe":5,"minecraft:furnace":2,"minecraft:bone_meal":45,"minecraft:flint_and_steel":1,"minecraft:iron_axe":7,"minecraft:stone_pickaxe":21,"minecraft:diamond_boots":1,"minecraft:chainmail_leggings":12,"minecraft:minecart":5,"minecraft:wheat":144,"minecraft:iron_sword":1,"minecraft:red_bed":1,"minecraft:bucket":6,"minecraft:stone_axe":30,"minecraft:enchanted_book":9,"minecraft:jungle_slab":24,"minecraft:air":0,"minecraft:bread":187,"minecraft:jungle_planks":3800,"minecraft:oak_boat":2,"minecraft:birch_trapdoor":8,"minecraft:wooden_axe":2,"minecraft:iron_shovel":3,"minecraft:iron_leggings":1,"minecraft:anvil":2,"minecraft:pumpkin_pie":124,"minecraft:torch":8},"minecraft:mined":{"minecraft:waxed_cut_copper_slab":1,"minecraft:large_amethyst_bud":2,"minecraft:white_bed":7,"minecraft:farmland":1,"minecraft:cobblestone_stairs":2,"minecraft:jungle_leaves":164,"minecraft:obsidian":22,"minecraft:potted_dead_bush":1,"minecraft:budding_amethyst":3,"minecraft:acacia_log":7,"minecraft:grass_block":248,"minecraft:jungle_log":939,"minecraft:chiseled_tuff_bricks":1,"minecraft:composter":3,"minecraft:oxeye_daisy":1,"minecraft:tuff_bricks":8,"minecraft:magma_block":7,"minecraft:glowstone":5,"minecraft:iron_ore":120,"minecraft:cobbled_deepslate":14,"minecraft:fire":18,"minecraft:anvil":1,"minecraft:deepslate_lapis_ore":4,"minecraft:fletching_table":5,"minecraft:cave_vines":1,"minecraft:dirt_path":53,"minecraft:small_amethyst_bud":1,"minecraft:tripwire":12,"minecraft:deepslate_redstone_ore":20,"minecraft:blackstone":121,"minecraft:medium_amethyst_bud":1,"minecraft:amethyst_cluster":1,"minecraft:torch":1,"minecraft:blast_furnace":4,"minecraft:melon":3,"minecraft:calcite":7,"minecraft:poppy":2,"minecraft:chest":4,"minecraft:nether_quartz_ore":176,"minecraft:cobblestone":33,"minecraft:oak_planks":23,"minecraft:sugar_cane":35,"minecraft:wall_torch":2,"minecraft:amethyst_block":8,"minecraft:birch_log":79,"minecraft:wheat":140,"minecraft:birch_trapdoor":9,"minecraft:waxed_copper_block":2,"minecraft:warped_fungus":1,"minecraft:tnt":4,"minecraft:oak_log":89,"minecraft:oak_fence_gate":2,"minecraft:sand":12,"minecraft:dirt":569,"minecraft:smooth_basalt":4,"minecraft:ancient_debris":4,"minecraft:netherrack":2036,"minecraft:oak_leaves":18,"minecraft:deepslate":309,"minecraft:nether_gold_ore":57,"minecraft:tuff":18,"minecraft:mossy_cobblestone":2,"minecraft:deepslate_diamond_ore":7,"minecraft:oak_door":1,"minecraft:glow_lichen":2,"minecraft:decorated_pot":6,"minecraft:jungle_planks":21,"minecraft:redstone_wire":3,"minecraft:hay_block":15,"minecraft:furnace":5,"minecraft:carrots":21,"minecraft:jungle_sapling":1,"minecraft:waxed_copper_grate":1,"minecraft:polished_basalt":3,"minecraft:andesite":18,"minecraft:bookshelf":7,"minecraft:potatoes":428,"minecraft:deepslate_iron_ore":5,"minecraft:vine":88,"minecraft:rail":175,"minecraft:warped_stem":2,"minecraft:bamboo":2,"minecraft:white_tulip":1,"minecraft:stone":250,"minecraft:bone_block":5,"minecraft:white_wool":1,"minecraft:smithing_table":12,"minecraft:basalt":573,"minecraft:dandelion":2,"minecraft:jungle_sign":1,"minecraft:crafting_table":15,"minecraft:short_grass":533,"minecraft:warped_roots":2,"minecraft:lectern":69,"minecraft:tall_grass":54,"minecraft:deepslate_gold_ore":3,"minecraft:diorite":38,"minecraft:birch_planks":28,"minecraft:birch_leaves":3,"minecraft:jungle_fence":2,"minecraft:yellow_bed":5,"minecraft:coal_ore":24,"minecraft:cocoa":1,"minecraft:gravel":32,"minecraft:cobweb":1,"minecraft:fern":17},"minecraft:killed":{"minecraft:zombified_piglin":28,"minecraft:witch":3,"minecraft:spider":26,"minecraft:skeleton":30,"minecraft:chicken":64,"minecraft:magma_cube":137,"minecraft:piglin":1,"minecraft:pig":6,"minecraft:iron_golem":8,"minecraft:creeper":9,"minecraft:sheep":2,"minecraft:pillager":2,"minecraft:zombie":49,"minecraft:stray":17,"minecraft:blaze":5,"minecraft:cow":7,"minecraft:phantom":1,"minecraft:breeze":4,"minecraft:enderman":4},"minecraft:dropped":{"minecraft:warped_fungus":2,"minecraft:jungle_fence":2,"minecraft:crossbow":1,"minecraft:jungle_planks":72,"minecraft:rail":104,"minecraft:cobblestone_stairs":3,"minecraft:dirt":110,"minecraft:cornflower":2,"minecraft:jungle_sapling":6,"minecraft:gold_nugget":6,"minecraft:pumpkin_pie":15,"minecraft:birch_stairs":4,"minecraft:gold_ingot":1,"minecraft:bone":1,"minecraft:waxed_cut_copper_slab":1,"minecraft:oak_door":2,"minecraft:white_tulip":1,"minecraft:stone_axe":1,"minecraft:spyglass":1,"minecraft:chiseled_tuff_bricks":3,"minecraft:rotten_flesh":4,"minecraft:oak_planks":1,"minecraft:azure_bluet":1,"minecraft:carrot":13,"minecraft:poppy":4,"minecraft:oak_fence_gate":1,"minecraft:tipped_arrow":16,"minecraft:gunpowder":2,"minecraft:chainmail_boots":2,"minecraft:basalt":50,"minecraft:arrow":9,"minecraft:quartz":3,"minecraft:netherrack":76,"minecraft:egg":22,"minecraft:iron_ingot":30,"minecraft:wheat_seeds":44,"minecraft:minecart":1,"minecraft:bookshelf":2,"minecraft:cobblestone":11,"minecraft:book":14,"minecraft:waxed_copper_grate":3,"minecraft:stick":3,"minecraft:lava_bucket":5,"minecraft:waxed_weathered_copper_bulb":2,"minecraft:melon_slice":5,"minecraft:waxed_oxidized_copper":2,"minecraft:dead_bush":1,"minecraft:iron_axe":2,"minecraft:dandelion":3,"minecraft:warped_nylium":1,"minecraft:flow_pottery_sherd":1,"minecraft:nether_wart":4,"minecraft:tuff":17,"minecraft:stripped_oak_log":2,"minecraft:nether_bricks":1,"minecraft:diamond_sword":1,"minecraft:potato":517,"minecraft:shield":4,"minecraft:trial_key":2,"minecraft:diamond_pickaxe":6,"minecraft:andesite":3,"minecraft:spider_eye":3,"minecraft:birch_boat":1,"minecraft:bow":26,"minecraft:waxed_exposed_copper_bulb":1,"minecraft:raw_gold":1},"minecraft:used":{"minecraft:iron_shovel":687,"minecraft:polished_basalt":25,"minecraft:shield":35,"minecraft:chest":24,"minecraft:iron_sword":98,"minecraft:bell":1,"minecraft:rotten_flesh":15,"minecraft:iron_chestplate":1,"minecraft:jungle_planks":91,"minecraft:carrot":15,"minecraft:obsidian":21,"minecraft:jungle_sapling":37,"minecraft:lava_bucket":14,"minecraft:jungle_fence_gate":2,"minecraft:iron_helmet":1,"minecraft:birch_trapdoor":12,"minecraft:bow":273,"minecraft:jungle_button":2,"minecraft:oak_sapling":4,"minecraft:furnace":6,"minecraft:potato":520,"minecraft:golden_boots":2,"minecraft:diorite":37,"minecraft:diamond_boots":1,"minecraft:oak_planks":20,"minecraft:stone_pickaxe":446,"minecraft:jungle_fence":1,"minecraft:blackstone":5,"minecraft:wooden_pickaxe":65,"minecraft:composter":1,"minecraft:sugar_cane":1,"minecraft:diamond_axe":578,"minecraft:jungle_boat":2,"minecraft:cookie":54,"minecraft:blast_furnace":4,"minecraft:crossbow":1,"minecraft:shears":1,"minecraft:melon_slice":26,"minecraft:string":19,"minecraft:bread":106,"minecraft:lectern":73,"minecraft:gravel":27,"minecraft:jungle_sign":10,"minecraft:diamond_sword":549,"minecraft:smithing_table":14,"minecraft:oak_boat":19,"minecraft:bone_meal":19,"minecraft:flint_and_steel":6,"minecraft:stone_shovel":332,"minecraft:redstone":4,"minecraft:wooden_shovel":47,"minecraft:trial_key":3,"minecraft:stone_hoe":2,"minecraft:cooked_chicken":61,"minecraft:netherrack":799,"minecraft:torch":5,"minecraft:dirt":565,"minecraft:spyglass":5,"minecraft:anvil":3,"minecraft:hopper":1,"minecraft:diamond_helmet":1,"minecraft:oak_fence_gate":1,"minecraft:dark_oak_planks":1,"minecraft:wooden_axe":109,"minecraft:bookshelf":26,"minecraft:iron_axe":349,"minecraft:jungle_log":9,"minecraft:iron_boots":1,"minecraft:barrel":4,"minecraft:smooth_basalt":1,"minecraft:tripwire_hook":1,"minecraft:basalt":63,"minecraft:minecart":11,"minecraft:cobbled_deepslate":9,"minecraft:light_gray_bed":2,"minecraft:iron_leggings":1,"minecraft:calcite":5,"minecraft:wheat_seeds":149,"minecraft:water_bucket":29,"minecraft:birch_planks":55,"minecraft:baked_potato":17,"minecraft:fletching_table":6,"minecraft:mossy_cobblestone":1,"minecraft:rail":748,"minecraft:crafting_table":28,"minecraft:oak_slab":3,"minecraft:red_bed":1,"minecraft:white_bed":11,"minecraft:oak_log":1,"minecraft:diamond_pickaxe":3070,"minecraft:apple":15,"minecraft:diamond_shovel":75,"minecraft:iron_pickaxe":644,"minecraft:suspicious_stew":2,"minecraft:oak_button":8,"minecraft:stone_axe":703,"minecraft:cobblestone":23,"minecraft:porkchop":1,"minecraft:cooked_porkchop":8,"minecraft:bucket":49,"minecraft:pumpkin_pie":73,"minecraft:yellow_bed":4,"minecraft:splash_potion":1,"minecraft:birch_stairs":2},"minecraft:killed_by":{"minecraft:blaze":1,"minecraft:zombie":1,"minecraft:player":2,"minecraft:skeleton":1},"minecraft:broken":{"minecraft:iron_shovel":2,"minecraft:golden_boots":1,"minecraft:stone_pickaxe":1,"minecraft:stone_axe":3,"minecraft:wooden_axe":1,"minecraft:stone_shovel":2,"minecraft:iron_pickaxe":1},"minecraft:picked_up":{"minecraft:wooden_axe":2,"minecraft:iron_chestplate":1,"minecraft:wheat":205,"minecraft:chainmail_boots":3,"minecraft:anvil":1,"minecraft:suspicious_stew":4,"minecraft:smithing_table":12,"minecraft:lead":5,"minecraft:diamond_sword":2,"minecraft:potion":1,"minecraft:enchanted_book":1,"minecraft:birch_button":8,"minecraft:amethyst_block":8,"minecraft:string":9654,"minecraft:waxed_cut_copper_slab":1,"minecraft:soul_soil":7,"minecraft:iron_leggings":1,"minecraft:shroomlight":1,"minecraft:activator_rail":4,"minecraft:gold_nugget":294,"minecraft:cobbled_deepslate":511,"minecraft:bucket":5,"minecraft:white_tulip":3,"minecraft:trial_key":5,"minecraft:calcite":6,"minecraft:wooden_shovel":1,"minecraft:iron_pickaxe":6,"minecraft:melon_slice":51,"minecraft:coal_block":1,"minecraft:furnace":6,"minecraft:iron_boots":3,"minecraft:blue_wool":1,"minecraft:tipped_arrow":26,"minecraft:stick":65,"minecraft:composter":2,"minecraft:birch_trapdoor":11,"minecraft:oak_fence":4,"minecraft:torch":18,"minecraft:acacia_log":7,"minecraft:porkchop":12,"minecraft:waxed_weathered_copper_bulb":2,"minecraft:waxed_copper_grate":3,"minecraft:diorite":37,"minecraft:honey_bottle":3,"minecraft:rotten_flesh":84,"minecraft:polished_basalt":3,"minecraft:blaze_rod":4,"minecraft:obsidian":22,"minecraft:cobblestone":241,"minecraft:birch_log":78,"minecraft:feather":36,"minecraft:andesite":8,"minecraft:magma_cream":9,"minecraft:birch_slab":5,"minecraft:water_bucket":4,"minecraft:jungle_log":936,"minecraft:potato":1604,"minecraft:flint":5,"minecraft:tuff":37,"minecraft:lapis_lazuli":55,"minecraft:dirt":935,"minecraft:glass":8,"minecraft:bone":46,"minecraft:bow":14,"minecraft:wheat_seeds":476,"minecraft:raw_gold":14,"minecraft:bell":1,"minecraft:guster_banner_pattern":1,"minecraft:fletching_table":4,"minecraft:glowstone_dust":16,"minecraft:bamboo":16,"minecraft:moss_block":1,"minecraft:stone_hoe":7,"minecraft:oak_planks":56,"minecraft:warped_wart_block":44,"minecraft:poisonous_potato":9,"minecraft:sand":11,"minecraft:jungle_planks":31,"minecraft:dead_bush":1,"minecraft:jungle_slab":3,"minecraft:mossy_cobblestone":3,"minecraft:diamond":18,"minecraft:crossbow":16,"minecraft:breeze_rod":4,"minecraft:bone_meal":37,"minecraft:chainmail_helmet":7,"minecraft:emerald":40,"minecraft:bread":9,"minecraft:music_disc_precipice":1,"minecraft:oak_sapling":20,"minecraft:netherrack":1340,"minecraft:diamond_pickaxe":6,"minecraft:cocoa_beans":3,"minecraft:charcoal":9,"minecraft:crafting_table":16,"minecraft:azure_bluet":1,"minecraft:ominous_bottle":2,"minecraft:splash_potion":1,"minecraft:chicken":31,"minecraft:chest_minecart":2,"minecraft:wooden_pickaxe":6,"minecraft:brick":27,"minecraft:shield":9,"minecraft:cornflower":2,"minecraft:iron_axe":3,"minecraft:blackstone":95,"minecraft:detector_rail":4,"minecraft:beef":17,"minecraft:oak_boat":19,"minecraft:jungle_sapling":50,"minecraft:poppy":25,"minecraft:light_gray_wool":9,"minecraft:minecart":9,"minecraft:lectern":69,"minecraft:sugar_cane":130,"minecraft:chest":4,"minecraft:diamond_hoe":1,"minecraft:waxed_oxidized_copper":2,"minecraft:egg":48,"minecraft:raw_iron":213,"minecraft:oak_door":2,"minecraft:flow_pottery_sherd":1,"minecraft:cookie":54,"minecraft:carrot":70,"minecraft:redstone":116,"minecraft:jungle_sign":1,"minecraft:dark_oak_planks":17,"minecraft:arrow":83,"minecraft:stone_shovel":1,"minecraft:diamond_chestplate":1,"minecraft:pumpkin_pie":12,"minecraft:nether_bricks":2,"minecraft:diamond_boots":1,"minecraft:hay_block":16,"minecraft:saddle":3,"minecraft:gold_ingot":5,"minecraft:tuff_bricks":8,"minecraft:mutton":4,"minecraft:bone_block":11,"minecraft:rail":339,"minecraft:white_wool":8,"minecraft:oxeye_daisy":2,"minecraft:stripped_oak_log":2,"minecraft:jungle_boat":1,"minecraft:basalt":569,"minecraft:tripwire_hook":1,"minecraft:leather":6,"minecraft:jungle_fence":3,"minecraft:birch_planks":161,"minecraft:oak_log":95,"minecraft:waxed_copper_block":2,"minecraft:ancient_debris":4,"minecraft:jungle_button":2,"minecraft:yellow_bed":4,"minecraft:gunpowder":7,"minecraft:cobblestone_stairs":3,"minecraft:white_banner":1,"minecraft:apple":50,"minecraft:warped_stem":9,"minecraft:iron_ingot":134,"minecraft:oak_fence_gate":2,"minecraft:stone_pickaxe":4,"minecraft:cooked_chicken":65,"minecraft:iron_sword":1,"minecraft:soul_sand":4,"minecraft:book":29,"minecraft:smooth_basalt":4,"minecraft:warped_fungus":2,"minecraft:waxed_exposed_copper_bulb":1,"minecraft:red_wool":3,"minecraft:quartz":274,"minecraft:dandelion":20,"minecraft:spyglass":1,"minecraft:gravel":28,"minecraft:birch_stairs":4,"minecraft:amethyst_shard":4,"minecraft:blast_furnace":5,"minecraft:white_bed":14,"minecraft:spider_eye":17,"minecraft:polished_tuff":1,"minecraft:stone_axe":10,"minecraft:chainmail_leggings":9,"minecraft:iron_helmet":3,"minecraft:warped_roots":6,"minecraft:oak_button":2,"minecraft:baked_potato":1,"minecraft:warped_nylium":5,"minecraft:chiseled_tuff_bricks":3,"minecraft:coal":34,"minecraft:ender_pearl":2}},"DataVersion":3953}