{"stats":{"minecraft:mined":{"minecraft:sand":3},"minecraft:custom":{"minecraft:jump":71,"minecraft:time_since_rest":4888,"minecraft:leave_game":1,"minecraft:crouch_one_cm":53,"minecraft:walk_on_water_one_cm":664,"minecraft:sprint_one_cm":3930,"minecraft:play_time":4888,"minecraft:damage_taken":50,"minecraft:time_since_death":4888,"minecraft:walk_one_cm":3190,"minecraft:sneak_time":15,"minecraft:total_world_time":4888,"minecraft:fall_one_cm":1430,"minecraft:fly_one_cm":110745},"minecraft:picked_up":{"minecraft:sand":2}},"DataVersion":3953}